,geo,place,jif,idx
0,"[47.5581077, 7.5878261]",144826464,13.974,0
1,"[47.5581077, 7.5878261]",144826464,13.974,0
2,"[47.5581077, 7.5878261]",144826464,13.974,0
3,"[44.289627, -70.0425769]",54578379,13.974,1
4,"[19.4326009, -99.1333415]",257909,13.974,2
5,"[19.436940239116, -99.1308245050351]",145377298,13.974,2
6,"[40.763747514321, -73.968380703557]",145982088,13.974,3
7,"[49.4164556232632, 8.6865019351368]",145226366,13.974,4
8,"[42.3698314, -71.1198093]",91312174,13.974,5
9,"[42.3698314, -71.1198093]",91312174,13.974,5
10,"[42.360461, -71.0724369]",52379327,13.974,5
11,"[42.3698314, -71.1198093]",91312174,13.974,5
12,"[42.3698314, -71.1198093]",91312174,13.974,5
13,"[42.3698314, -71.1198093]",91312174,13.974,5
14,"[42.3698314, -71.1198093]",91312174,13.974,5
15,"[42.3698314, -71.1198093]",91312174,13.974,5
16,"[42.3698314, -71.1198093]",91312174,13.974,5
17,"[42.3698314, -71.1198093]",91312174,13.974,5
18,"[42.3698314, -71.1198093]",91312174,13.974,5
19,"[42.360461, -71.0724369]",52379327,13.974,5
20,-500,-500,-500.0,6
21,"[34.0597154, -118.4204302]",2602617278,13.974,7
22,"[34.0597154, -118.4204302]",2602617278,13.974,7
23,"[42.12769, -71.4553799]",56340537,13.974,8
24,"[42.3698314, -71.1198093]",91312174,13.974,9
25,"[42.3698314, -71.1198093]",91312174,13.974,9
26,"[50.7358511, 7.1006599]",128014,13.974,10
27,"[43.9821055, -117.238231]",142062055,13.974,11
28,"[40.763747514321, -73.968380703557]",145982088,13.974,12
29,"[42.3376399, -71.0954301]",2621391996,13.974,13
30,"[42.3809281, -71.144635]",80328239,13.974,13
31,"[37.428003, -122.1496161]",144744649,13.974,14
32,"[37.428003, -122.1496161]",144744649,13.974,14
33,"[37.428003, -122.1496161]",144744649,13.974,14
34,"[37.428003, -122.1496161]",144744649,13.974,14
35,"[37.428003, -122.1496161]",144744649,13.974,14
36,"[50.9220931, 6.3611015]",144814065,13.974,15
37,"[51.2254018, 6.7763137]",586757,13.974,15
38,"[50.9220931, 6.3611015]",144814065,13.974,15
39,"[50.9220931, 6.3611015]",144814065,13.974,15
40,"[50.81768295, 6.04736460436226]",143983820,13.974,15
41,"[33.6460821647088, -117.84931174497]",145973544,13.974,16
42,-500,-500,-500.0,17
43,"[34.727138, -82.2796739]",56812567,13.974,18
44,"[40.3512798625, -74.65585346875]",145982102,13.974,18
45,"[34.727138, -82.2796739]",56812567,13.974,18
46,"[34.727138, -82.2796739]",56812567,13.974,18
47,"[34.727138, -82.2796739]",56812567,13.974,18
48,"[50.7358511, 7.1006599]",128014,13.974,19
49,"[42.3698314, -71.1198093]",91312174,13.974,20
50,"[42.3698314, -71.1198093]",91312174,13.974,20
51,"[43.0756066779815, -89.4154371679314]",145958820,13.974,21
52,"[48.1073402, 11.4601632]",3096906,13.974,22
53,"[52.10151425, 5.17818802520172]",72788159,13.974,23
54,"[52.10151425, 5.17818802520172]",72788159,13.974,23
55,"[32.8440059, -117.2134998]",92310890,13.974,24
56,"[32.8440059, -117.2134998]",92310890,13.974,24
57,"[32.8459096, -117.2091739]",88606921,13.974,24
58,"[37.793845, -122.4035252]",145981769,13.974,25
59,"[43.0674234, -76.1709123]",63031113,13.974,25
60,"[37.855546, -122.264593]",105127862,13.974,25
61,"[37.9147083538012, -122.04694500822]",145981789,13.974,25
62,"[43.0674234, -76.1709123]",63031113,13.974,25
63,"[42.3410475462552, -71.0940466375395]",146006801,13.974,26
64,"[43.0674234, -76.1709123]",63031113,13.974,27
65,"[43.0674234, -76.1709123]",63031113,13.974,27
66,"[46.441062, -87.9162859]",59057585,13.974,28
67,"[46.363441, -87.4223799]",61817867,13.974,28
68,"[42.3376399, -71.0954301]",2621391996,13.974,29
69,"[42.3376399, -71.0954301]",2621391996,13.974,29
70,"[42.3376399, -71.0954301]",2621391996,13.974,29
71,"[42.3376399, -71.0954301]",2621391996,13.974,29
72,"[42.360461, -71.0724369]",52379327,13.974,29
73,-500,-500,-500.0,29
74,-500,-500,-500.0,29
75,"[38.44564, -82.3320941]",423110,13.974,30
76,"[38.44564, -82.3320941]",423110,13.974,30
77,"[42.3698314, -71.1198093]",91312174,13.974,30
78,"[34.076263, -118.3551729]",145981636,13.974,31
79,"[34.076263, -118.3551729]",145981636,13.974,31
80,"[-33.8802388202388, 151.215082933894]",145169517,13.974,32
81,"[42.3376399, -71.0954301]",2621391996,13.974,32
82,"[42.3809281, -71.144635]",80328239,13.974,32
83,"[41.821661, -71.356051]",2076512229,13.974,33
84,"[41.821661, -71.356051]",2076512229,13.974,33
85,"[41.821661, -71.356051]",2076512229,13.974,33
86,"[-4.5271202, 120.2077887]",13795252,13.974,34
87,"[51.05267275, 13.7693626393215]",145038881,13.974,35
88,"[38.44564, -82.3320941]",423110,13.974,36
89,"[51.522642, -0.1350484]",43860256,13.974,37
90,"[-33.8885405, 151.1748591]",62449399,13.974,38
91,"[51.84260195, 5.8385196119892]",143089304,13.974,38
92,"[43.0674234, -76.1709123]",63031113,13.974,39
93,-500,-500,-500.0,39
94,"[43.0674234, -76.1709123]",63031113,13.974,39
95,"[34.0597154, -118.4204302]",2602617278,13.974,40
96,"[34.0597154, -118.4204302]",2602617278,13.974,40
97,"[34.0597154, -118.4204302]",2602617278,13.974,40
98,"[34.0597154, -118.4204302]",2602617278,13.974,40
99,"[34.0597154, -118.4204302]",2602617278,13.974,40
100,"[34.0597154, -118.4204302]",2602617278,13.974,40
101,"[34.0597154, -118.4204302]",2602617278,13.974,40
102,"[34.0597154, -118.4204302]",2602617278,13.974,40
103,"[48.7018823, 2.134529]",144178995,13.974,41
104,"[48.8460747, 2.35883190786616]",66071224,13.974,41
105,"[51.503400356631, -0.0890218073050906]",145315134,13.974,42
106,"[55.9439468, -3.18829068341601]",53542382,13.974,43
107,-500,-500,-500.0,44
108,"[43.0674234, -76.1709123]",63031113,13.974,45
109,"[43.0674234, -76.1709123]",63031113,13.974,45
110,"[43.0674234, -76.1709123]",63031113,13.974,45
111,"[37.855546, -122.264593]",105127862,13.974,46
112,"[37.855546, -122.264593]",105127862,13.974,46
113,"[55.9443373095437, -3.18991285421813]",145277960,13.974,47
114,"[42.12769, -71.4553799]",56340537,13.974,48
115,"[34.0525773, -118.4314354]",141661522,13.974,48
116,"[41.3077468319572, -72.9247104770794]",146010240,13.974,49
117,"[41.3077468319572, -72.9247104770794]",146010240,13.974,49
118,"[46.2017559, 6.1466014]",144633961,13.974,50
119,"[46.2017559, 6.1466014]",144633961,13.974,50
120,"[38.5483622953181, -121.68188337063]",145979528,13.974,51
121,"[46.441062, -87.9162859]",59057585,13.974,52
122,"[44.860296, -0.575760468530703]",94284760,13.974,53
123,"[44.860296, -0.575760468530703]",94284760,13.974,53
124,"[40.763747514321, -73.968380703557]",145982088,13.974,53
125,"[41.3069415714425, -72.9324104005927]",145938148,13.974,54
126,"[50.88121295, 4.69418278098918]",145092672,13.974,55
127,"[50.88121295, 4.69418278098918]",145092672,13.974,55
128,"[46.441062, -87.9162859]",59057585,13.974,56
129,"[46.441062, -87.9162859]",59057585,13.974,56
130,"[46.441062, -87.9162859]",59057585,13.974,56
131,"[46.441062, -87.9162859]",59057585,13.974,56
132,"[34.727138, -82.2796739]",56812567,13.974,56
133,"[34.727138, -82.2796739]",56812567,13.974,56
134,"[34.727138, -82.2796739]",56812567,13.974,56
135,"[34.727138, -82.2796739]",56812567,13.974,56
136,"[34.727138, -82.2796739]",56812567,13.974,56
137,"[34.727138, -82.2796739]",56812567,13.974,56
138,"[34.727138, -82.2796739]",56812567,13.974,56
139,"[34.727138, -82.2796739]",56812567,13.974,56
140,"[34.727138, -82.2796739]",56812567,13.974,56
141,"[34.727138, -82.2796739]",56812567,13.974,56
142,"[34.727138, -82.2796739]",56812567,13.974,56
143,"[46.441062, -87.9162859]",59057585,13.974,56
144,"[46.441062, -87.9162859]",59057585,13.974,56
145,"[46.441062, -87.9162859]",59057585,13.974,56
146,"[46.441062, -87.9162859]",59057585,13.974,56
147,"[33.4870424, -102.6163091]",374458,13.974,57
148,"[33.4870424, -102.6163091]",374458,13.974,57
149,"[29.70665395, -95.3951324499714]",69213528,13.974,58
150,"[29.70665395, -95.3951324499714]",69213528,13.974,58
151,"[29.70665395, -95.3951324499714]",69213528,13.974,58
152,"[29.70665395, -95.3951324499714]",69213528,13.974,58
153,"[29.70665395, -95.3951324499714]",69213528,13.974,58
154,"[29.70665395, -95.3951324499714]",69213528,13.974,58
155,"[29.70665395, -95.3951324499714]",69213528,13.974,58
156,"[29.70665395, -95.3951324499714]",69213528,13.974,58
157,"[29.677982, -95.3817069]",87390278,13.974,58
158,"[-37.61147885, 144.943321097325]",63933374,13.974,59
159,"[-37.61147885, 144.943321097325]",63933374,13.974,59
160,"[-37.61147885, 144.943321097325]",63933374,13.974,59
161,"[-37.61147885, 144.943321097325]",63933374,13.974,59
162,-500,-500,-500.0,60
163,"[51.522642, -0.1350484]",43860256,13.974,60
164,"[37.428003, -122.1496161]",144744649,13.974,61
165,"[48.1073402, 11.4601632]",3096906,13.974,62
166,"[42.12769, -71.4553799]",56340537,13.974,63
167,"[42.12769, -71.4553799]",56340537,13.974,63
168,"[45.508393, -73.5804169]",10840702,13.974,64
169,"[31.8952532, 34.8105616]",144702096,13.974,65
170,"[42.3376399, -71.0954301]",2621391996,13.974,66
171,"[46.2017559, 6.1466014]",144633961,13.974,67
172,"[46.2017559, 6.1466014]",144633961,13.974,67
173,"[32.8459096, -117.2091739]",88606921,13.974,68
174,"[35.1335642, -89.954333]",71376514,13.974,69
175,"[43.0674234, -76.1709123]",63031113,13.974,70
176,"[43.0674234, -76.1709123]",63031113,13.974,70
177,-500,-500,-500.0,71
178,"[63.4305658, 10.3951929]",162528,13.974,72
179,-500,-500,-500.0,73
180,"[43.0674234, -76.1709123]",63031113,13.974,74
181,"[29.677982, -95.3817069]",87390278,13.974,75
182,"[42.3655296, -71.0598269]",125483386,13.974,75
183,"[29.677982, -95.3817069]",87390278,13.974,75
184,"[29.677982, -95.3817069]",87390278,13.974,75
185,"[29.677982, -95.3817069]",87390278,13.974,75
186,"[29.677982, -95.3817069]",87390278,13.974,75
187,"[29.677982, -95.3817069]",87390278,13.974,75
188,"[34.7069888, 135.5107976]",101018949,13.974,76
189,"[42.3809281, -71.144635]",80328239,13.974,77
190,"[42.3809281, -71.144635]",80328239,13.974,77
191,"[42.3809281, -71.144635]",80328239,13.974,77
192,-500,-500,-500.0,78
193,"[43.0674234, -76.1709123]",63031113,13.974,79
194,-500,-500,-500.0,80
195,"[43.9821055, -117.238231]",142062055,13.974,81
196,"[43.0674234, -76.1709123]",63031113,13.974,82
197,"[51.3343921679564, 12.3880025531568]",145221483,13.974,83
198,"[50.7380002, -1.3459526]",2619895750,13.974,84
199,"[41.3825596, 2.1771353]",144264307,13.974,84
200,-500,-500,-500.0,84
201,"[52.17638955, 0.143088815415187]",92819900,13.974,84
202,"[42.3698314, -71.1198093]",91312174,13.974,85
203,"[42.3376399, -71.0954301]",2621391996,13.974,86
204,"[32.0304154118007, 120.853527399909]",145216890,13.974,86
205,-500,-500,-500.0,87
206,"[37.428003, -122.1496161]",144744649,13.974,88
207,"[43.2961743, 5.3699525]",142477467,13.974,89
208,"[43.2961743, 5.3699525]",142477467,13.974,89
209,"[43.2961743, 5.3699525]",142477467,13.974,89
210,-500,-500,-500.0,90
211,"[51.522642, -0.1350484]",43860256,13.974,91
212,-500,-500,-500.0,92
213,"[47.5581077, 7.5878261]",144826464,13.974,92
214,-500,-500,-500.0,92
215,"[34.727138, -82.2796739]",56812567,13.974,93
216,"[34.727138, -82.2796739]",56812567,13.974,93
217,-500,-500,-500.0,94
218,"[43.0674234, -76.1709123]",63031113,13.974,95
219,"[37.7711773916566, -122.390321931826]",146001149,13.974,96
220,"[37.793845, -122.4035252]",145981769,13.974,96
221,"[37.793845, -122.4035252]",145981769,13.974,96
222,"[38.660673, -90.254625]",93395092,13.974,97
223,"[38.660673, -90.254625]",93395092,13.974,97
224,"[38.660673, -90.254625]",93395092,13.974,97
225,"[46.363441, -87.4223799]",61817867,13.974,98
226,"[46.363441, -87.4223799]",61817867,13.974,98
227,"[46.363441, -87.4223799]",61817867,13.974,98
228,"[51.4879961, -3.17969737443907]",65179078,13.974,99
229,"[30.8385202, -87.2008047]",381436,2.876,100
230,-500,-500,-500.0,101
231,"[34.666895, 133.826106]",106008713,2.876,102
232,-500,-500,-500.0,103
233,"[32.3116471, -106.787335826881]",99485789,2.876,104
234,"[41.8092648, -72.2536898]",3047939,2.876,105
235,-500,-500,-500.0,106
236,"[42.0655835, -89.5473341]",397234,2.876,107
237,"[41.33396185, -72.9447861757481]",98690297,2.876,108
238,"[34.0911774, -106.8983608]",363082,2.876,109
239,"[31.8228094, 117.2218033]",754574,2.876,110
240,-500,-500,-500.0,111
241,"[33.3567528, -111.4701401]",57237381,2.876,112
242,-500,-500,-500.0,113
243,"[52.10151425, 5.17818802520172]",72788159,2.876,114
244,"[33.6853772, -112.5108982]",101674277,2.876,115
245,"[44.4308975, -89.6884636]",144830510,2.876,116
246,"[32.3116471, -106.787335826881]",99485789,2.876,117
247,"[50.1787532, 8.62713948560067]",143094890,2.876,118
248,"[42.366988, -71.1063479]",126539061,2.876,119
249,"[30.7896348, -95.4679977]",360475,2.876,120
250,"[39.301618, -94.9339719]",56779362,2.876,121
251,"[30.2813048, -97.7315913]",87519438,2.876,122
252,-500,-500,-500.0,123
253,"[41.3069415714425, -72.9324104005927]",145938148,2.876,124
254,-500,-500,-500.0,125
255,-500,-500,-500.0,126
256,-500,-500,-500.0,127
257,-500,-500,-500.0,128
258,"[42.0655835, -89.5473341]",397234,2.876,129
259,"[42.988097, -81.2460294]",4357366,2.876,130
260,"[30.8385202, -87.2008047]",381436,2.876,131
261,"[43.0964478, -78.3908558]",465008,2.876,132
262,"[39.072215, -94.5960021]",3037203,2.876,133
263,-500,-500,-500.0,134
264,"[42.0655835, -89.5473341]",397234,2.876,135
265,"[52.19860175, 0.125318254894079]",89270535,2.876,136
266,"[36.1417298324865, -86.800291076354]",145998661,2.876,137
267,"[32.731155, -97.1150165]",2629937,2.876,138
268,"[-34.9059038, -56.1913568]",145060146,2.876,139
269,-500,-500,-500.0,140
270,-500,-500,-500.0,141
271,"[32.3116471, -106.787335826881]",99485789,2.876,142
272,"[45.4866224, -73.5644661]",81695455,2.876,143
273,"[42.2369768758904, -72.581306127859]",146001493,2.876,144
274,"[30.7715015, 100.7531154]",2611693820,2.876,145
275,"[34.6850749, -82.836411]",142083390,2.876,146
276,"[43.6529206, -79.3849007]",142158628,2.876,147
277,"[42.0385284934903, -93.6508520450715]",145957457,2.876,148
278,"[33.3567528, -111.4701401]",57237381,2.876,149
279,"[33.6431901, -117.84016483553]",67592648,2.876,150
280,"[41.824133, -71.3963005]",145984379,2.876,151
281,-500,-500,-500.0,152
282,"[42.3390704, -71.2731381]",2621840247,2.876,153
283,"[32.3116471, -106.787335826881]",99485789,2.876,154
284,"[52.2137043330083, 20.9824653631707]",145846876,2.876,155
285,"[36.12726015, -97.0726338284724]",2632020187,2.876,156
286,-500,-500,-500.0,157
287,"[42.0655835, -89.5473341]",397234,2.876,158
288,"[34.07088865, -118.446731866638]",63250254,2.876,159
289,"[30.670804, -88.0520949]",53133669,2.876,160
290,"[33.3567528, -111.4701401]",57237381,2.876,161
291,"[29.70665395, -95.3951324499714]",69213528,2.876,162
292,"[38.64518385, -90.2858381244463]",74391561,2.876,163
293,"[59.3251172, 18.0710935]",124091,2.876,164
294,"[37.4233479461065, -122.160222252523]",145974078,2.876,165
295,"[-34.9059038, -56.1913568]",145060146,2.876,166
296,"[35.9047561305003, -79.0461481579744]",145945850,2.876,167
297,"[41.487107, -90.6496299]",58011163,2.876,168
298,"[60.1749831, 24.931762310551]",144973539,2.876,169
299,"[37.4288678, -122.1412355]",21605070,2.876,170
300,"[37.7817963, -122.4011332]",1418817,2.876,171
301,"[29.48524615, -98.5618743040213]",98660985,2.876,172
302,"[54.9821237, -1.6216738]",137987889,2.876,173
303,"[47.5156127, -92.5701952]",380625,2.876,174
304,-500,-500,-500.0,175
305,-500,-500,-500.0,176
306,"[42.0655835, -89.5473341]",397234,2.876,177
307,"[41.3781852763135, 2.12749498847656]",145232349,2.876,178
308,"[41.487107, -90.6496299]",58011163,2.876,179
309,"[39.072215, -94.5960021]",3037203,2.876,180
310,"[29.58343345, -98.6191183269501]",143554236,2.876,181
311,"[30.670804, -88.0520949]",53133669,2.876,182
312,-500,-500,-500.0,183
313,"[56.1512067, 10.2132527]",47133523,2.876,184
314,"[32.3116471, -106.787335826881]",99485789,2.876,185
315,"[40.576932, -105.0638679]",53742982,2.876,186
316,"[33.6460821647088, -117.84931174497]",145973544,2.876,187
317,"[41.33396185, -72.9447861757481]",98690297,2.876,188
318,"[33.7539902, -95.8313565]",370194,2.876,189
319,"[19.3324884, -99.1858029333333]",145377274,2.876,190
320,"[42.0655835, -89.5473341]",397234,2.876,191
321,"[42.0655835, -89.5473341]",397234,2.876,192
322,"[37.7711773916566, -122.390321931826]",146001149,2.876,193
323,"[39.99737835, -105.280970120601]",70288110,2.876,194
324,"[39.7425435, -104.8416609]",3136272,2.876,195
325,"[27.7567667, -81.4639834]",142029857,34.661,196
326,"[50.9383611, 6.9599738]",111282,34.661,197
327,"[43.1561681, -75.8449945]",144401657,34.661,198
328,"[40.7316803399499, -73.9883936647337]",145939113,34.661,199
329,"[52.7954791, -0.540240236617432]",141890857,34.661,200
330,"[57.7072326, 11.9670171]",123711,34.661,201
331,"[42.3698314, -71.1198093]",91312174,34.661,202
332,-500,-500,-500.0,203
333,"[44.9836425, -93.2580365]",54134913,34.661,204
334,-500,-500,-500.0,205
335,-500,-500,-500.0,206
336,"[37.6412321344116, -121.718174971155]",145981780,34.661,207
337,-500,-500,-500.0,208
338,-500,-500,-500.0,209
339,"[37.793845, -122.4035252]",145981769,34.661,210
340,-500,-500,-500.0,211
341,"[37.444985, -122.1694054]",123868194,34.661,212
342,"[42.12769, -71.4553799]",56340537,34.661,213
343,"[34.0597154, -118.4204302]",2602617278,34.661,214
344,"[32.0804808, 34.7805274]",2610724889,34.661,215
345,"[50.86794365, -0.0878560276016316]",68538486,34.661,216
346,"[32.8191218, 34.9983856]",144585508,34.661,217
347,"[37.4214949, -122.1711331]",76791771,34.661,218
348,"[44.289627, -70.0425769]",54578379,34.661,219
349,"[52.17638955, 0.143088815415187]",92819900,34.661,220
350,"[37.855546, -122.264593]",105127862,34.661,221
351,"[42.3203281, -71.1756979]",2621191955,34.661,222
352,"[53.46751325, -2.23388453154317]",74852501,34.661,223
353,-500,-500,-500.0,224
354,"[34.0926033471777, -118.853231303226]",145981645,34.661,225
355,"[42.3655296, -71.0598269]",125483386,34.661,226
356,"[38.44564, -82.3320941]",423110,34.661,227
357,"[35.6729639, -79.0392918]",143700987,34.661,228
358,"[33.4870424, -102.6163091]",374458,34.661,229
359,"[55.71272625, 37.5929281059993]",144657278,34.661,230
360,"[41.6500201, -72.7342162]",144193126,34.661,231
361,"[39.9059631, 116.391248]",120295,34.661,232
362,"[43.0674234, -76.1709123]",63031113,34.661,233
363,-500,-500,-500.0,234
364,"[40.0772445, 116.295453177537]",119128765,34.661,235
365,"[47.621516, -122.3437569]",137813217,34.661,236
366,"[50.733798, 7.1022309]",21129468,34.661,237
367,"[32.8440059, -117.2134998]",92310890,34.661,238
368,"[50.9721119, 6.86869952353354]",144428755,34.661,239
369,"[48.8460747, 2.35883190786616]",66071224,34.661,240
370,"[42.0505485936996, -87.6787571079406]",146001856,34.661,241
371,"[44.289627, -70.0425769]",54578379,34.661,242
372,"[45.0709201, 7.685972]",144916436,34.661,243
373,-500,-500,-500.0,244
374,"[46.2107228, 6.1390834]",18433031,34.661,245
375,"[51.24300405, -0.589754247719058]",63444838,34.661,246
376,-500,-500,-500.0,247
377,"[31.2253441, 121.4888922]",6765700,34.661,248
378,"[41.3101374, -72.9185512]",145981885,4.037,249
379,"[48.6679041, 2.23887466118326]",60903220,4.037,250
380,-500,-500,-500.0,251
381,"[41.895415718442, -87.6226539847663]",145961882,4.037,252
382,"[43.0756066779815, -89.4154371679314]",145958820,4.037,253
383,"[49.2655312930603, -123.247544050795]",145212787,4.037,254
384,"[43.6060213, 1.4384723]",61177800,4.037,255
385,"[32.8743390914596, -117.245870944545]",145973212,4.037,256
386,"[39.2908608, -76.6108072]",103107,4.037,257
387,"[33.6460821647088, -117.84931174497]",145973544,4.037,258
388,"[39.7453449084958, -104.840524833218]",145984856,4.037,259
389,"[32.8743390914596, -117.245870944545]",145973212,4.037,260
390,"[38.9848265, -77.0946458]",461818,4.037,261
391,"[48.8418339, 2.3497835]",13472466,4.037,262
392,"[40.3482467525253, -74.6584679646465]",146001950,4.037,263
393,"[53.3805027, -1.490244860829]",61756379,4.037,264
394,"[33.7490987, -84.3901848]",144163105,4.037,265
395,"[39.9523993, -75.1635898]",143880686,4.037,266
396,"[-37.9017122, 145.085941665869]",61716483,4.037,267
397,-500,-500,-500.0,268
398,-500,-500,-500.0,269
399,"[39.3239763, -76.6066071]",51353403,4.037,270
400,"[43.0991145, 141.5322968]",106459742,4.037,271
401,"[33.9595974, -83.3766779]",436000,4.037,272
402,"[42.4396039, -76.4968018]",145035052,4.037,273
403,"[42.3787496078056, -71.1297312938366]",145999385,4.037,274
404,"[37.4265649, -122.170187551249]",144998117,4.037,275
405,-500,-500,-500.0,276
406,"[37.8716048701317, -122.259291965726]",145974233,4.037,277
407,"[49.4164556232632, 8.6865019351368]",145226366,4.037,278
408,-500,-500,-500.0,279
409,"[12.9791198, 77.5912997]",47366095,4.037,280
410,"[34.8200901839711, 135.524363181827]",145368183,4.037,281
411,-500,-500,-500.0,282
412,"[46.2017559, 6.1466014]",144633961,4.037,283
413,-500,-500,-500.0,284
414,"[32.7876012, -79.9402727]",143979342,4.037,285
415,"[35.9940329, -78.8986189]",144202739,4.037,286
416,"[37.877629, -122.2520809]",4834990,4.037,287
417,-500,-500,-500.0,288
418,"[45.4024315594574, -75.6502593645739]",145202342,4.037,289
419,-500,-500,-500.0,290
420,"[38.9848265, -77.0946458]",461818,4.037,291
421,-500,-500,-500.0,292
422,"[30.4380832, -84.2809331]",144790093,4.037,293
423,-500,-500,-500.0,294
424,-500,-500,-500.0,295
425,-500,-500,-500.0,296
426,"[42.0550773, -87.6758116998106]",144514988,4.037,297
427,"[49.2655312930603, -123.247544050795]",145212787,4.037,298
428,"[47.6533967979411, -122.306200024556]",145980609,4.037,299
429,"[51.05267275, 13.7693626393215]",145038881,4.037,300
430,"[38.029306, -78.476678]",2633159679,4.037,301
431,"[38.029306, -78.476678]",2633159679,4.037,301
432,"[44.8633717, 11.6462212]",131936805,4.037,302
433,-500,-500,-500.0,303
434,"[49.4107129703563, 8.70664401888739]",145226364,4.037,304
435,"[35.9940329, -78.8986189]",144202739,4.037,305
436,-500,-500,-500.0,306
437,"[35.9047561305003, -79.0461481579744]",145945850,4.037,307
438,"[42.2805786565288, -83.7318389277975]",145956389,4.037,308
439,-500,-500,-500.0,309
440,"[47.6694141, -122.1238766]",144558723,4.037,310
441,"[40.763747514321, -73.968380703557]",145982088,4.037,311
442,"[35.9940329, -78.8986189]",144202739,4.037,312
443,"[38.9932072, -77.0743832]",142651765,4.037,312
444,"[42.3644283155072, -71.10405278621]",146015015,4.037,313
445,"[43.7033561, -72.2885717]",145002770,4.037,314
446,"[41.5270775881435, -70.6629200950378]",146009209,4.037,314
447,"[38.9848265, -77.0946458]",461818,4.037,315
448,"[42.3787496078056, -71.1297312938366]",145999385,4.037,316
449,"[40.8006567, -73.7284646]",142041581,4.037,317
450,"[40.4416941, -79.990086]",142059938,4.037,318
451,"[44.40726, 8.9338624]",144213119,4.037,319
452,"[34.4119936999163, -119.845508564318]",145973645,4.037,320
453,"[51.49879595, -0.176922208669927]",85710601,4.037,321
454,"[39.2908608, -76.6108072]",103107,4.037,322
455,"[34.0232514549178, -118.282503830245]",146012647,4.037,323
456,"[13.0797146, 77.5876527]",17787912,4.037,324
457,"[37.0027594, -122.0659901]",70376285,4.037,325
458,"[53.4664071, -2.2342427]",720086,4.037,326
459,-500,-500,-500.0,327
460,"[32.8743390914596, -117.245870944545]",145973212,4.037,328
461,"[35.1490215, -90.0516284]",142083079,4.037,329
462,"[38.6148643881356, -90.2069999705359]",145963153,4.037,330
463,-500,-500,-500.0,331
464,"[40.763747514321, -73.968380703557]",145982088,4.037,332
465,"[38.54342635, -121.737763783886]",73952925,4.037,333
466,-500,-500,-500.0,334
467,"[51.4963606, -2.59731271089177]",124821801,4.037,335
468,"[41.3031348, -72.9338618]",501586,4.037,336
469,"[34.1476452, -118.1444778]",2606082669,4.037,337
470,"[45.4482448601165, -71.8682469772063]",145193488,4.037,338
471,"[39.7490136, -105.0098459]",2611537981,4.037,339
472,"[46.81958645, -92.0839614388954]",79906125,4.037,340
473,"[32.7876012, -79.9402727]",143979342,4.037,341
474,"[32.875871, -117.213373]",47105311,4.037,342
475,-500,-500,-500.0,343
476,"[52.19856675, 0.122997242720183]",91916395,13.958,344
477,"[52.17638955, 0.143088815415187]",92819900,13.958,344
478,"[51.5327604, 9.9352051]",144832739,13.958,345
479,"[43.0674234, -76.1709123]",63031113,13.958,345
480,"[33.4870424, -102.6163091]",374458,13.958,346
481,"[33.4870424, -102.6163091]",374458,13.958,346
482,"[51.84260195, 5.8385196119892]",143089304,13.958,347
483,-500,-500,-500.0,348
484,"[49.4107129703563, 8.70664401888739]",145226364,13.958,348
485,"[52.2033051, 0.124862]",74228201,13.958,348
486,"[39.18220035, -86.5076922617124]",124713531,13.958,349
487,"[39.18220035, -86.5076922617124]",124713531,13.958,349
488,"[30.3262365, 120.1117233]",1386147,13.958,350
489,"[40.00282055, 116.351357370279]",72732114,13.958,351
490,"[40.00282055, 116.351357370279]",72732114,13.958,351
491,"[39.9890593, 116.2806008]",2611195429,13.958,351
492,"[40.0772445, 116.295453177537]",119128765,13.958,351
493,"[34.727138, -82.2796739]",56812567,13.958,352
494,"[34.727138, -82.2796739]",56812567,13.958,352
495,"[34.727138, -82.2796739]",56812567,13.958,352
496,"[34.727138, -82.2796739]",56812567,13.958,352
497,"[34.727138, -82.2796739]",56812567,13.958,352
498,"[34.727138, -82.2796739]",56812567,13.958,352
499,"[34.727138, -82.2796739]",56812567,13.958,352
500,"[51.75870755, -1.2556683826092]",62834083,13.958,353
501,-500,-500,-500.0,353
502,"[49.4107129703563, 8.70664401888739]",145226364,13.958,353
503,"[40.3512798625, -74.65585346875]",145982102,13.958,354
504,"[42.3376399, -71.0954301]",2621391996,13.958,354
505,"[42.3376399, -71.0954301]",2621391996,13.958,354
506,"[42.360461, -71.0724369]",52379327,13.958,355
507,"[42.360461, -71.0724369]",52379327,13.958,355
508,"[43.6112422, 3.8767337]",144077891,13.958,356
509,"[30.0655115, 120.481752143181]",114156750,13.958,357
510,"[30.0655115, 120.481752143181]",114156750,13.958,357
511,"[25.0375167, 121.5637]",11241202,13.958,358
512,"[25.0375167, 121.5637]",11241202,13.958,358
513,"[25.0375167, 121.5637]",11241202,13.958,358
514,"[25.0218084, 121.5331638]",145920486,13.958,358
515,"[25.0375167, 121.5637]",11241202,13.958,358
516,"[42.3655296, -71.0598269]",125483386,13.958,359
517,"[42.3376399, -71.0954301]",2621391996,13.958,359
518,"[42.360461, -71.0724369]",52379327,13.958,359
519,"[42.3655296, -71.0598269]",125483386,13.958,359
520,"[42.3376399, -71.0954301]",2621391996,13.958,359
521,"[42.360461, -71.0724369]",52379327,13.958,359
522,"[42.3655296, -71.0598269]",125483386,13.958,359
523,"[43.0674234, -76.1709123]",63031113,13.958,359
524,"[43.6044622, 1.4442469]",142514950,13.958,360
525,"[49.7808813, 9.95893549542502]",144867031,13.958,361
526,"[49.8178233513361, 9.96573296170056]",145229394,13.958,361
527,"[49.8170345, 9.8798082]",2576058,13.958,361
528,"[55.6867243, 12.5700724]",108093,13.958,362
529,"[31.8228094, 117.2218033]",754574,13.958,363
530,"[51.51419575, -0.113476674884536]",143012506,13.958,364
531,"[35.3536602, -104.4591496]",350320,13.958,365
532,"[42.3376399, -71.0954301]",2621391996,13.958,366
533,"[34.0668522956641, -118.444358084137]",145972765,13.958,367
534,-500,-500,-500.0,367
535,-500,-500,-500.0,368
536,-500,-500,-500.0,368
537,"[29.677982, -95.3817069]",87390278,13.958,369
538,"[40.763747514321, -73.968380703557]",145982088,13.958,370
539,"[40.763747514321, -73.968380703557]",145982088,13.958,370
540,"[33.4870424, -102.6163091]",374458,13.958,371
541,"[42.360461, -71.0724369]",52379327,13.958,372
542,"[42.3655296, -71.0598269]",125483386,13.958,372
543,"[42.360461, -71.0724369]",52379327,13.958,372
544,"[42.3885184, -71.1437665]",90429344,13.958,372
545,"[49.4196497, 8.68248655970133]",79072113,13.958,373
546,"[37.855546, -122.264593]",105127862,13.958,374
547,"[37.855546, -122.264593]",105127862,13.958,374
548,"[37.855546, -122.264593]",105127862,13.958,374
549,"[37.855546, -122.264593]",105127862,13.958,374
550,"[37.855546, -122.264593]",105127862,13.958,374
551,"[37.855546, -122.264593]",105127862,13.958,374
552,"[42.3698314, -71.1198093]",91312174,13.958,375
553,"[40.5085141, -74.4586871]",67555994,13.958,376
554,"[40.5085141, -74.4586871]",67555994,13.958,376
555,"[40.5085141, -74.4586871]",67555994,13.958,376
556,"[44.289627, -70.0425769]",54578379,13.958,376
557,"[-4.5271202, 120.2077887]",13795252,13.958,376
558,"[40.5085141, -74.4586871]",67555994,13.958,376
559,"[40.5085141, -74.4586871]",67555994,13.958,376
560,"[30.3262365, 120.1117233]",1386147,13.958,377
561,-500,-500,-500.0,377
562,-500,-500,-500.0,378
563,"[43.0674234, -76.1709123]",63031113,13.958,379
564,"[43.0674234, -76.1709123]",63031113,13.958,379
565,-500,-500,-500.0,379
566,"[39.9487209, -75.1934707]",29906382,13.958,380
567,-500,-500,-500.0,380
568,"[44.289627, -70.0425769]",54578379,13.958,381
569,"[29.677982, -95.3817069]",87390278,13.958,382
570,"[29.677982, -95.3817069]",87390278,13.958,382
571,"[29.677982, -95.3817069]",87390278,13.958,382
572,"[40.763747514321, -73.968380703557]",145982088,13.958,383
573,"[40.763747514321, -73.968380703557]",145982088,13.958,383
574,"[59.3251172, 18.0710935]",124091,13.958,383
575,"[45.4667971, 9.1904984]",143771899,13.958,384
576,"[55.7112200734954, 37.3612593984818]",145889719,13.958,385
577,"[42.360461, -71.0724369]",52379327,13.958,385
578,"[42.3698314, -71.1198093]",91312174,13.958,385
579,"[42.3698314, -71.1198093]",91312174,13.958,385
580,"[55.7112200734954, 37.3612593984818]",145889719,13.958,385
581,"[40.5085141, -74.4586871]",67555994,13.958,385
582,"[55.7312867950364, 37.6168746367624]",145888928,13.958,385
583,-500,-500,-500.0,386
584,"[37.793845, -122.4035252]",145981769,13.958,387
585,"[37.855546, -122.264593]",105127862,13.958,387
586,"[37.793845, -122.4035252]",145981769,13.958,387
587,"[32.0724892, 34.824244]",142588110,13.958,388
588,-500,-500,-500.0,389
589,-500,-500,-500.0,389
590,-500,-500,-500.0,389
591,-500,-500,-500.0,389
592,-500,-500,-500.0,389
593,-500,-500,-500.0,389
594,"[40.763747514321, -73.968380703557]",145982088,13.958,390
595,-500,-500,-500.0,391
596,"[47.5581077, 7.5878261]",144826464,13.958,392
597,-500,-500,-500.0,393
598,"[40.763747514321, -73.968380703557]",145982088,13.958,394
599,"[42.3698314, -71.1198093]",91312174,13.958,395
600,"[42.3376399, -71.0954301]",2621391996,13.958,395
601,"[42.3376399, -71.0954301]",2621391996,13.958,396
602,"[48.1124701975026, 11.4985257767444]",145227447,13.958,397
603,-500,-500,-500.0,397
604,"[48.5368348802072, 9.05479059536495]",145226536,13.958,398
605,"[42.2805786565288, -83.7318389277975]",145956389,13.958,399
606,"[42.2805786565288, -83.7318389277975]",145956389,13.958,399
607,"[42.2805786565288, -83.7318389277975]",145956389,13.958,399
608,"[30.7715015, 100.7531154]",2611693820,13.958,400
609,"[9.55218665, 112.892282906875]",132616671,13.958,400
610,"[54.5858872, -5.9354294784331]",131408390,13.958,400
611,"[9.55218665, 112.892282906875]",132616671,13.958,400
612,"[9.55218665, 112.892282906875]",132616671,13.958,400
613,"[9.55218665, 112.892282906875]",132616671,13.958,400
614,"[9.55218665, 112.892282906875]",132616671,13.958,400
615,-500,-500,-500.0,400
616,"[28.5501635, 77.2679539]",28214929,13.958,401
617,"[28.6171875, 77.2078081970795]",2609229401,13.958,401
618,"[44.9836425, -93.2580365]",54134913,13.958,401
619,"[28.5501635, 77.2679539]",28214929,13.958,401
620,"[28.6171875, 77.2078081970795]",2609229401,13.958,401
621,"[28.5443343, 77.157324430852]",120509539,13.958,401
622,"[34.727138, -82.2796739]",56812567,13.958,402
623,"[51.51695695, -0.233212115227942]",140322900,13.958,403
624,-500,-500,-500.0,403
625,-500,-500,-500.0,403
626,"[34.727138, -82.2796739]",56812567,13.958,404
627,-500,-500,-500.0,404
628,"[46.363441, -87.4223799]",61817867,13.958,405
629,"[48.1073402, 11.4601632]",3096906,13.958,406
630,"[46.1846691, 6.1396839]",545895,13.958,407
631,"[37.855546, -122.264593]",105127862,13.958,408
632,"[37.855546, -122.264593]",105127862,13.958,408
633,-500,-500,-500.0,408
634,"[37.855546, -122.264593]",105127862,13.958,408
635,"[37.855546, -122.264593]",105127862,13.958,408
636,"[37.855546, -122.264593]",105127862,13.958,408
637,"[37.855546, -122.264593]",105127862,13.958,408
638,-500,-500,-500.0,409
639,"[34.0597154, -118.4204302]",2602617278,13.958,410
640,"[43.9821055, -117.238231]",142062055,13.958,411
641,"[43.9821055, -117.238231]",142062055,13.958,411
642,"[48.5368348802072, 9.05479059536495]",145226536,13.958,411
643,"[43.0674234, -76.1709123]",63031113,13.958,412
644,"[43.0674234, -76.1709123]",63031113,13.958,412
645,"[41.895415718442, -87.6226539847663]",145961882,13.958,413
646,"[41.1623177, -74.3865423]",476106,13.958,413
647,"[41.1623177, -74.3865423]",476106,13.958,413
648,-500,-500,-500.0,413
649,"[52.08095165, 5.12768031549829]",144589478,13.958,414
650,"[41.1623177, -74.3865423]",476106,13.958,415
651,"[39.0948694, -94.5843899]",2630999901,13.958,415
652,"[43.0756066779815, -89.4154371679314]",145958820,13.958,416
653,"[43.0756066779815, -89.4154371679314]",145958820,13.958,416
654,"[43.0756066779815, -89.4154371679314]",145958820,13.958,416
655,"[43.0756066779815, -89.4154371679314]",145958820,13.958,416
656,"[34.727138, -82.2796739]",56812567,13.958,417
657,"[34.0597154, -118.4204302]",2602617278,13.958,417
658,"[43.0674234, -76.1709123]",63031113,13.958,417
659,"[43.0674234, -76.1709123]",63031113,13.958,417
660,-500,-500,-500.0,418
661,-500,-500,-500.0,418
662,"[42.3376399, -71.0954301]",2621391996,13.958,418
663,-500,-500,-500.0,418
664,-500,-500,-500.0,418
665,"[42.3376399, -71.0954301]",2621391996,13.958,418
666,"[39.7453449084958, -104.840524833218]",145984856,13.958,419
667,"[41.895415718442, -87.6226539847663]",145961882,13.958,420
668,"[43.7275945, -72.268566]",54199758,13.958,421
669,"[43.7275945, -72.268566]",54199758,13.958,421
670,"[45.5039088879194, -73.5821192169343]",145192386,13.958,422
671,-500,-500,-500.0,422
672,"[45.5039088879194, -73.5821192169343]",145192386,13.958,422
673,"[45.5039088879194, -73.5821192169343]",145192386,13.958,422
674,"[51.4562363, -2.6027789]",2627488369,13.958,422
675,-500,-500,-500.0,423
676,"[44.289627, -70.0425769]",54578379,13.958,424
677,"[52.19856675, 0.122997242720183]",91916395,13.958,425
678,"[52.08143985, 0.184868265227178]",72439088,13.958,425
679,"[32.8459096, -117.2091739]",88606921,13.958,426
680,-500,-500,-500.0,426
681,"[32.8459096, -117.2091739]",88606921,13.958,426
682,"[32.8459096, -117.2091739]",88606921,13.958,426
683,"[32.8459096, -117.2091739]",88606921,13.958,426
684,"[32.8459096, -117.2091739]",88606921,13.958,426
685,"[32.8459096, -117.2091739]",88606921,13.958,426
686,"[32.8459096, -117.2091739]",88606921,13.958,426
687,"[32.8459096, -117.2091739]",88606921,13.958,426
688,"[32.8459096, -117.2091739]",88606921,13.958,426
689,-500,-500,-500.0,427
690,"[41.837177, -71.4134219]",70967970,13.958,428
691,"[46.363441, -87.4223799]",61817867,13.958,429
692,"[42.3376399, -71.0954301]",2621391996,13.958,430
693,"[42.3809281, -71.144635]",80328239,13.958,430
694,"[42.3376399, -71.0954301]",2621391996,13.958,430
695,"[42.3376399, -71.0954301]",2621391996,13.958,430
696,"[42.3376399, -71.0954301]",2621391996,13.958,430
697,"[36.554494, -87.6986286]",390211,13.958,431
698,"[48.0448882967358, 7.81204096288925]",145227258,13.958,432
699,"[42.2864235739065, -71.7891473847893]",145936136,13.958,432
700,-500,-500,-500.0,432
701,"[43.0674234, -76.1709123]",63031113,13.958,433
702,"[43.0674234, -76.1709123]",63031113,13.958,433
703,"[43.0674234, -76.1709123]",63031113,13.958,433
704,"[43.0674234, -76.1709123]",63031113,13.958,433
705,"[47.680462, 9.19544066634331]",144552603,13.958,434
706,-500,-500,-500.0,434
707,"[32.5175177, 35.4363747]",17918335,13.958,434
708,-500,-500,-500.0,434
709,"[36.366815, 127.4297]",3336484,13.958,435
710,"[21.3581212, -157.737744018693]",111486004,13.958,435
711,"[38.208066, -82.2940939]",59727300,13.958,435
712,"[1.2904527, 103.852038]",4782093,13.958,435
713,"[46.363441, -87.4223799]",61817867,13.958,435
714,"[47.3685586, 8.5404434]",144801142,13.958,436
715,"[42.12769, -71.4553799]",56340537,13.958,437
716,"[37.855546, -122.264593]",105127862,13.958,438
717,"[37.855546, -122.264593]",105127862,13.958,438
718,"[41.5236335984336, -70.6670626862345]",145936765,13.958,439
719,"[33.4870424, -102.6163091]",374458,13.958,439
720,"[41.5236335984336, -70.6670626862345]",145936765,13.958,439
721,"[40.01326717494, -105.258625458666]",145969680,13.958,439
722,"[34.727138, -82.2796739]",56812567,13.958,439
723,"[42.360461, -71.0724369]",52379327,13.958,440
724,"[42.360461, -71.0724369]",52379327,13.958,440
725,"[42.3698314, -71.1198093]",91312174,13.958,440
726,"[47.3968244, 8.6183023]",144610483,38.138,441
727,"[14.6417889, -90.5132238]",4091770,38.138,442
728,"[33.96760255, -117.338322024015]",70823778,38.138,443
729,"[42.366988, -71.1063479]",126539061,38.138,444
730,"[37.4288678, -122.1412355]",21605070,38.138,445
731,"[42.3764904, -71.1194824]",52362244,38.138,446
732,"[42.36136175, -71.0691552262844]",95171946,38.138,447
733,"[46.1933488, 9.0261483]",8148012,38.138,448
734,"[51.3343921679564, 12.3880025531568]",145221483,38.138,449
735,-500,-500,-500.0,450
736,-500,-500,-500.0,451
737,-500,-500,-500.0,452
738,-500,-500,-500.0,453
739,"[30.8385202, -87.2008047]",381436,38.138,454
740,"[40.0657724, -79.8918435]",142068276,38.138,455
741,"[30.8713577, -88.0482705]",402972,38.138,456
742,"[37.7680940379953, -122.392939783824]",145974067,38.138,457
743,"[47.6569884, -122.3134984]",3100075,38.138,458
744,-500,-500,-500.0,459
745,"[48.8261509, 2.3409147]",18040700,38.138,460
746,"[44.4796284, -73.1947529024158]",142445848,38.138,461
747,"[37.8742846, -122.2384416]",17121743,38.138,462
748,"[30.8385202, -87.2008047]",381436,38.138,463
749,"[40.340913, -74.6665283670096]",66620804,38.138,464
750,-500,-500,-500.0,465
751,"[38.887782, -90.1589399]",133544008,38.138,466
752,"[30.8385202, -87.2008047]",381436,38.138,467
753,"[50.3578492, 8.7334365]",73816486,38.138,468
754,"[59.9132694, 10.7391112]",113548,38.138,469
755,"[51.75870755, -1.2556683826092]",62834083,38.138,470
756,"[40.0072829, -105.248755]",70540304,38.138,471
757,"[38.8881186850211, -77.0273062941209]",145943391,38.138,472
758,"[37.4664689, 126.949686296987]",2631244581,28.71,473
759,"[37.4664689, 126.949686296987]",2631244581,28.71,473
760,"[37.4664689, 126.949686296987]",2631244581,28.71,473
761,"[37.4664689, 126.949686296987]",2631244581,28.71,473
762,"[37.4664689, 126.949686296987]",2631244581,28.71,473
763,"[37.4664689, 126.949686296987]",2631244581,28.71,473
764,"[37.4664689, 126.949686296987]",2631244581,28.71,473
765,"[32.8440059, -117.2134998]",92310890,28.71,474
766,"[32.8440059, -117.2134998]",92310890,28.71,474
767,"[32.8440059, -117.2134998]",92310890,28.71,474
768,"[32.8440059, -117.2134998]",92310890,28.71,474
769,"[32.8440059, -117.2134998]",92310890,28.71,474
770,"[32.8440059, -117.2134998]",92310890,28.71,474
771,"[32.8440059, -117.2134998]",92310890,28.71,474
772,-500,-500,-500.0,475
773,-500,-500,-500.0,475
774,-500,-500,-500.0,475
775,-500,-500,-500.0,475
776,-500,-500,-500.0,475
777,-500,-500,-500.0,475
778,-500,-500,-500.0,475
779,-500,-500,-500.0,475
780,-500,-500,-500.0,475
781,"[43.9821055, -117.238231]",142062055,28.71,476
782,"[47.4082551, 8.50838050145724]",66298497,28.71,477
783,-500,-500,-500.0,477
784,"[34.0597154, -118.4204302]",2602617278,28.71,478
785,"[34.0597154, -118.4204302]",2602617278,28.71,478
786,"[34.0597154, -118.4204302]",2602617278,28.71,478
787,"[34.0597154, -118.4204302]",2602617278,28.71,478
788,"[34.0597154, -118.4204302]",2602617278,28.71,478
789,"[34.0597154, -118.4204302]",2602617278,28.71,478
790,"[34.0597154, -118.4204302]",2602617278,28.71,478
791,"[47.621516, -122.3437569]",137813217,28.71,479
792,"[37.428003, -122.1496161]",144744649,28.71,480
793,"[37.428003, -122.1496161]",144744649,28.71,480
794,"[37.428003, -122.1496161]",144744649,28.71,480
795,"[37.428003, -122.1496161]",144744649,28.71,480
796,"[37.428003, -122.1496161]",144744649,28.71,480
797,"[37.428003, -122.1496161]",144744649,28.71,480
798,"[37.428003, -122.1496161]",144744649,28.71,480
799,"[42.3376399, -71.0954301]",2621391996,28.71,481
800,"[41.3176241069205, -105.552634661977]",145970483,28.71,481
801,"[41.7884978, -87.5793198]",63940142,28.71,482
802,"[42.12769, -71.4553799]",56340537,28.71,482
803,"[37.428003, -122.1496161]",144744649,28.71,482
804,"[29.677982, -95.3817069]",87390278,28.71,483
805,"[41.3809333, 2.12291205923077]",66106056,28.71,483
806,"[40.763747514321, -73.968380703557]",145982088,28.71,484
807,"[52.29421005, 4.95779852513706]",198289350,28.71,485
808,"[32.8440059, -117.2134998]",92310890,28.71,485
809,"[52.29421005, 4.95779852513706]",198289350,28.71,485
810,"[43.0674234, -76.1709123]",63031113,28.71,485
811,"[51.75254605, -1.2143298631547]",134617877,28.71,486
812,"[48.1332948, 11.5666821]",84223026,28.71,486
813,"[52.3496249987012, 4.81922575627862]",145391198,28.71,487
814,"[52.10151425, 5.17818802520172]",72788159,28.71,487
815,"[48.8455133016578, 2.34822755733735]",145243115,28.71,487
816,"[52.10151425, 5.17818802520172]",72788159,28.71,487
817,-500,-500,-500.0,488
818,"[51.51419575, -0.113476674884536]",143012506,28.71,489
819,"[47.3685586, 8.5404434]",144801142,28.71,490
820,"[47.3685586, 8.5404434]",144801142,28.71,490
821,"[21.3581212, -157.737744018693]",111486004,28.71,491
822,"[21.3581212, -157.737744018693]",111486004,28.71,491
823,-500,-500,-500.0,492
824,"[37.793845, -122.4035252]",145981769,28.71,493
825,"[53.33894015, -6.25271272175961]",2632813913,28.71,494
826,-500,-500,-500.0,495
827,"[42.3655296, -71.0598269]",125483386,28.71,496
828,"[42.3809281, -71.144635]",80328239,28.71,496
829,"[43.9821055, -117.238231]",142062055,28.71,497
830,"[57.7072326, 11.9670171]",123711,28.71,498
831,"[55.6867243, 12.5700724]",108093,28.71,498
832,"[47.3685586, 8.5404434]",144801142,28.71,499
833,"[34.0597154, -118.4204302]",2602617278,28.71,500
834,"[34.0597154, -118.4204302]",2602617278,28.71,500
835,"[34.0597154, -118.4204302]",2602617278,28.71,500
836,"[34.0597154, -118.4204302]",2602617278,28.71,500
837,"[34.0597154, -118.4204302]",2602617278,28.71,500
838,-500,-500,-500.0,500
839,"[34.0597154, -118.4204302]",2602617278,28.71,500
840,"[34.0597154, -118.4204302]",2602617278,28.71,500
841,"[34.0597154, -118.4204302]",2602617278,28.71,500
842,"[34.0597154, -118.4204302]",2602617278,28.71,500
843,"[40.00282055, 116.351357370279]",72732114,28.71,501
844,"[40.00282055, 116.351357370279]",72732114,28.71,501
845,"[39.9059631, 116.391248]",120295,28.71,501
846,"[38.7709895, -121.3757164]",15992372,28.71,502
847,"[38.7709895, -121.3757164]",15992372,28.71,502
848,"[53.1321968395343, 23.1652330001422]",145849846,28.71,502
849,"[50.9078485, 5.4200307]",143217385,28.71,502
850,"[30.5006243, 114.3886198]",2618641132,28.71,502
851,"[38.7709895, -121.3757164]",15992372,28.71,502
852,"[30.5006243, 114.3886198]",2618641132,28.71,502
853,"[38.7709895, -121.3757164]",15992372,28.71,502
854,"[51.51419575, -0.113476674884536]",143012506,28.71,503
855,"[51.51419575, -0.113476674884536]",143012506,28.71,503
856,"[37.4288678, -122.1412355]",21605070,28.71,504
857,"[37.4288678, -122.1412355]",21605070,28.71,504
858,"[51.05634635, 13.770996181199]",121009080,28.71,505
859,"[48.5823599, 8.05334910505037]",197718333,28.71,505
860,"[50.8837843, 11.5932515]",709477,28.71,505
861,"[48.5823599, 8.05334910505037]",197718333,28.71,505
862,"[49.770412, 9.9576368]",24576533,28.71,505
863,"[50.8837843, 11.5932515]",709477,28.71,505
864,"[50.8837843, 11.5932515]",709477,28.71,505
865,"[50.924932, 11.5876601]",10864594,28.71,505
866,"[42.3698314, -71.1198093]",91312174,28.71,506
867,"[42.3698314, -71.1198093]",91312174,28.71,506
868,"[42.3698314, -71.1198093]",91312174,28.71,506
869,"[43.0674234, -76.1709123]",63031113,28.71,506
870,"[42.3698314, -71.1198093]",91312174,28.71,506
871,"[42.3698314, -71.1198093]",91312174,28.71,506
872,"[42.3698314, -71.1198093]",91312174,28.71,506
873,"[42.3698314, -71.1198093]",91312174,28.71,506
874,"[42.360461, -71.0724369]",52379327,28.71,506
875,"[43.664839, -79.3846279]",14058561,28.71,507
876,"[42.3376399, -71.0954301]",2621391996,28.71,507
877,-500,-500,-500.0,507
878,-500,-500,-500.0,507
879,"[41.1623177, -74.3865423]",476106,28.71,508
880,"[41.1623177, -74.3865423]",476106,28.71,508
881,"[41.3069415714425, -72.9324104005927]",145938148,28.71,509
882,"[41.3069415714425, -72.9324104005927]",145938148,28.71,509
883,-500,-500,-500.0,510
884,-500,-500,-500.0,510
885,"[50.7358511, 7.1006599]",128014,28.71,510
886,-500,-500,-500.0,510
887,"[41.3069415714425, -72.9324104005927]",145938148,28.71,510
888,"[41.3069415714425, -72.9324104005927]",145938148,28.71,510
889,"[46.5218269, 6.6327025]",142693297,28.71,511
890,"[46.2017559, 6.1466014]",144633961,28.71,512
891,"[46.2017559, 6.1466014]",144633961,28.71,512
892,"[46.2017559, 6.1466014]",144633961,28.71,512
893,"[51.522642, -0.1350484]",43860256,28.71,512
894,"[40.763747514321, -73.968380703557]",145982088,28.71,513
895,"[40.763747514321, -73.968380703557]",145982088,28.71,513
896,"[40.763747514321, -73.968380703557]",145982088,28.71,513
897,"[49.4164556232632, 8.6865019351368]",145226366,28.71,514
898,"[49.4164556232632, 8.6865019351368]",145226366,28.71,514
899,"[40.3421802, -74.658977248711]",2623218479,28.71,515
900,"[44.289627, -70.0425769]",54578379,28.71,516
901,"[34.727138, -82.2796739]",56812567,28.71,517
902,"[49.2655312930603, -123.247544050795]",145212787,28.71,518
903,"[46.363441, -87.4223799]",61817867,28.71,519
904,"[46.441062, -87.9162859]",59057585,28.71,520
905,"[46.441062, -87.9162859]",59057585,28.71,520
906,"[46.441062, -87.9162859]",59057585,28.71,520
907,-500,-500,-500.0,520
908,"[55.6867243, 12.5700724]",108093,28.71,521
909,"[55.6867243, 12.5700724]",108093,28.71,521
910,-500,-500,-500.0,521
911,-500,-500,-500.0,521
912,"[38.15715, -86.6758609]",61046801,28.71,522
913,"[38.15715, -86.6758609]",61046801,28.71,522
914,"[38.15715, -86.6758609]",61046801,28.71,522
915,-500,-500,-500.0,522
916,"[38.15715, -86.6758609]",61046801,28.71,522
917,"[38.15715, -86.6758609]",61046801,28.71,522
918,"[38.15715, -86.6758609]",61046801,28.71,522
919,"[38.15715, -86.6758609]",61046801,28.71,522
920,"[38.15715, -86.6758609]",61046801,28.71,522
921,"[38.15715, -86.6758609]",61046801,28.71,522
922,"[38.15715, -86.6758609]",61046801,28.71,522
923,"[38.15715, -86.6758609]",61046801,28.71,522
924,"[38.15715, -86.6758609]",61046801,28.71,522
925,"[38.15715, -86.6758609]",61046801,28.71,522
926,"[38.15715, -86.6758609]",61046801,28.71,522
927,"[38.15715, -86.6758609]",61046801,28.71,522
928,-500,-500,-500.0,523
929,"[1.2904527, 103.852038]",4782093,28.71,523
930,"[37.6583129, -122.3910319]",145981763,28.71,524
931,"[34.727138, -82.2796739]",56812567,28.71,525
932,"[34.727138, -82.2796739]",56812567,28.71,525
933,"[42.360461, -71.0724369]",52379327,28.71,526
934,"[42.3809281, -71.144635]",80328239,28.71,526
935,"[42.360461, -71.0724369]",52379327,28.71,526
936,"[42.360461, -71.0724369]",52379327,28.71,526
937,"[42.3809281, -71.144635]",80328239,28.71,526
938,"[42.360461, -71.0724369]",52379327,28.71,526
939,"[43.0674234, -76.1709123]",63031113,28.71,526
940,"[42.360461, -71.0724369]",52379327,28.71,526
941,"[42.360461, -71.0724369]",52379327,28.71,526
942,"[42.360461, -71.0724369]",52379327,28.71,526
943,"[42.360461, -71.0724369]",52379327,28.71,526
944,"[42.360461, -71.0724369]",52379327,28.71,527
945,"[37.855546, -122.264593]",105127862,28.71,527
946,"[42.360461, -71.0724369]",52379327,28.71,527
947,"[42.3376399, -71.0954301]",2621391996,28.71,527
948,"[42.3376399, -71.0954301]",2621391996,28.71,527
949,"[42.360461, -71.0724369]",52379327,28.71,527
950,"[38.44564, -82.3320941]",423110,28.71,527
951,-500,-500,-500.0,528
952,-500,-500,-500.0,528
953,"[31.19094075, 121.598489562924]",134147385,28.71,528
954,"[40.763747514321, -73.968380703557]",145982088,28.71,529
955,"[40.763747514321, -73.968380703557]",145982088,28.71,529
956,-500,-500,-500.0,530
957,"[42.3376399, -71.0954301]",2621391996,28.71,530
958,"[42.3376399, -71.0954301]",2621391996,28.71,530
959,"[41.3069415714425, -72.9324104005927]",145938148,28.71,530
960,"[44.289627, -70.0425769]",54578379,28.71,531
961,"[37.4233479461065, -122.160222252523]",145974078,28.71,532
962,"[51.8979282, -8.4705805]",14512261,28.71,532
963,-500,-500,-500.0,532
964,"[37.793845, -122.4035252]",145981769,28.71,533
965,"[49.4164556232632, 8.6865019351368]",145226366,28.71,534
966,"[49.9999952, 8.2710237]",566765,28.71,534
967,"[52.17638955, 0.143088815415187]",92819900,28.71,535
968,"[59.3251172, 18.0710935]",124091,28.71,536
969,-500,-500,-500.0,536
970,"[46.441062, -87.9162859]",59057585,28.71,537
971,"[34.727138, -82.2796739]",56812567,28.71,538
972,-500,-500,-500.0,538
973,"[34.727138, -82.2796739]",56812567,28.71,538
974,"[34.727138, -82.2796739]",56812567,28.71,538
975,-500,-500,-500.0,539
976,-500,-500,-500.0,539
977,"[31.8952532, 34.8105616]",144702096,28.71,540
978,"[31.8952532, 34.8105616]",144702096,28.71,540
979,"[32.0804808, 34.7805274]",2610724889,28.71,540
980,"[32.0804808, 34.7805274]",2610724889,28.71,540
981,"[32.0804808, 34.7805274]",2610724889,28.71,540
982,-500,-500,-500.0,541
983,"[38.44564, -82.3320941]",423110,28.71,542
984,"[40.763747514321, -73.968380703557]",145982088,28.71,542
985,-500,-500,-500.0,543
986,"[32.8459096, -117.2091739]",88606921,28.71,544
987,"[32.8440059, -117.2134998]",92310890,28.71,545
988,"[32.8440059, -117.2134998]",92310890,28.71,545
989,"[37.7680940379953, -122.392939783824]",145974067,28.71,546
990,-500,-500,-500.0,546
991,"[42.3376399, -71.0954301]",2621391996,28.71,547
992,"[42.3376399, -71.0954301]",2621391996,28.71,547
993,"[42.360461, -71.0724369]",52379327,28.71,547
994,"[42.3376399, -71.0954301]",2621391996,28.71,547
995,"[42.3376399, -71.0954301]",2621391996,28.71,547
996,"[42.3376399, -71.0954301]",2621391996,28.71,547
997,"[42.360461, -71.0724369]",52379327,28.71,547
998,"[-23.56455945, -46.72590015]",145173406,28.71,547
999,"[42.3376399, -71.0954301]",2621391996,28.71,547
1000,"[42.3376399, -71.0954301]",2621391996,28.71,547
1001,"[42.3376399, -71.0954301]",2621391996,28.71,547
1002,"[38.44564, -82.3320941]",423110,28.71,548
1003,"[43.0674234, -76.1709123]",63031113,28.71,549
1004,"[37.793845, -122.4035252]",145981769,28.71,549
1005,"[38.660673, -90.254625]",93395092,28.71,550
1006,"[38.660673, -90.254625]",93395092,28.71,550
1007,"[38.660673, -90.254625]",93395092,28.71,550
1008,-500,-500,-500.0,550
1009,"[35.736022, 139.5065679]",73418437,28.71,551
1010,"[42.3376399, -71.0954301]",2621391996,28.71,552
1011,"[42.3376399, -71.0954301]",2621391996,28.71,552
1012,-500,-500,-500.0,553
1013,-500,-500,-500.0,553
1014,-500,-500,-500.0,553
1015,-500,-500,-500.0,553
1016,-500,-500,-500.0,554
1017,"[42.3698314, -71.1198093]",91312174,28.71,555
1018,"[42.3698314, -71.1198093]",91312174,28.71,555
1019,"[34.727138, -82.2796739]",56812567,28.71,555
1020,"[42.3698314, -71.1198093]",91312174,28.71,555
1021,"[34.727138, -82.2796739]",56812567,28.71,555
1022,"[42.3698314, -71.1198093]",91312174,28.71,555
1023,"[38.44564, -82.3320941]",423110,28.71,555
1024,"[35.7015151, 139.764236806671]",73329631,28.71,556
1025,-500,-500,-500.0,556
1026,"[29.677982, -95.3817069]",87390278,28.71,557
1027,-500,-500,-500.0,557
1028,"[37.428003, -122.1496161]",144744649,28.71,558
1029,"[44.9836425, -93.2580365]",54134913,28.71,559
1030,"[44.9836425, -93.2580365]",54134913,28.71,559
1031,"[48.8451801, 2.27809517659384]",95409870,28.71,560
1032,"[48.8451801, 2.27809517659384]",95409870,28.71,560
1033,"[48.8451801, 2.27809517659384]",95409870,28.71,560
1034,"[48.8455133016578, 2.34822755733735]",145243115,28.71,560
1035,"[47.4983815, 19.0404707]",142508519,28.71,560
1036,"[45.7774551, 3.0819427]",141926753,28.71,560
1037,"[45.7774551, 3.0819427]",141926753,28.71,560
1038,"[48.8451801, 2.27809517659384]",95409870,28.71,560
1039,"[48.8451801, 2.27809517659384]",95409870,28.71,560
1040,"[48.8455133016578, 2.34822755733735]",145243115,28.71,560
1041,"[48.8418171150676, 2.38962171812706]",145243122,28.71,560
1042,"[48.8455133016578, 2.34822755733735]",145243115,28.71,560
1043,"[40.763747514321, -73.968380703557]",145982088,28.71,561
1044,"[33.4870424, -102.6163091]",374458,28.71,562
1045,"[32.8459096, -117.2091739]",88606921,28.71,563
1046,"[52.08095165, 5.12768031549829]",144589478,28.71,564
1047,-500,-500,-500.0,564
1048,"[52.08095165, 5.12768031549829]",144589478,28.71,564
1049,-500,-500,-500.0,564
1050,"[40.01326717494, -105.258625458666]",145969680,28.71,565
1051,"[40.01326717494, -105.258625458666]",145969680,28.71,565
1052,"[52.2033051, 0.124862]",74228201,8.668,566
1053,"[40.4167047, -3.7035824]",144269760,8.668,567
1054,-500,-500,-500.0,568
1055,"[39.7837304, -100.4458824]",143818058,8.668,569
1056,"[48.5236164, 9.0535531]",143154413,8.668,570
1057,"[40.9699889, -77.727883]",142028986,8.668,571
1058,"[-7.7689656, 110.405357249038]",144003332,8.668,572
1059,"[53.3806626, -1.4702277]",144137676,8.668,573
1060,"[37.2392027, -121.8762382]",52481937,8.668,574
1061,"[40.7305991, -73.9865811]",142043098,8.668,575
1062,"[53.3497645, -6.2602731]",46101327,8.668,576
1063,"[40.7305991, -73.9865811]",142043098,8.668,577
1064,-500,-500,-500.0,578
1065,"[25.0375167, 121.5637]",11241202,8.668,579
1066,"[47.7373551, 8.9702835]",562811,8.668,580
1067,"[38.8949549, -77.0366455]",144978366,8.668,581
1068,"[39.5162234, -76.9382068]",142032516,8.668,582
1069,"[40.9699889, -77.727883]",142028986,8.668,583
1070,"[52.08095165, 5.12768031549829]",144589478,8.668,584
1071,"[42.3788774, -72.0323659]",143793363,8.668,585
1072,"[1.2962018, 103.776899437848]",73943476,8.668,586
1073,"[50.8465565, 4.351697]",16652814,8.668,587
1074,"[51.9685817, 5.66829806182796]",142171614,8.668,588
1075,"[60.1666277, 24.9435079]",143481419,8.668,589
1076,"[52.2033051, 0.124862]",74228201,8.668,590
1077,"[39.5162234, -76.9382068]",142032516,8.668,591
1078,"[45.5087928, -73.5539819]",144612879,8.668,592
1079,"[54.0, -71.9999999]",143079249,8.668,593
1080,"[51.4816546, -3.1791933]",6563797,8.668,594
1081,"[40.9699889, -77.727883]",142028986,8.668,595
1082,"[42.6953868, 2.8844713]",144153156,8.668,596
1083,"[59.3251172, 18.0710935]",124091,8.668,597
1084,"[38.7604815, -92.5617874]",144129182,8.668,598
1085,"[36.7014631, -118.7559973]",143927648,8.668,599
1086,"[38.27312, -98.5821871]",142028251,8.668,600
1087,"[-30.5343664, 135.6301212]",144485637,8.668,601
1088,"[32.8191218, 34.9983856]",144585508,8.668,602
1089,"[55.7029296, 13.1929449]",143110758,8.668,603
1090,"[36.7014631, -118.7559973]",143927648,8.668,604
1091,"[51.9035099, -0.2013367]",144696672,8.668,605
1092,"[36.7014631, -118.7559973]",143927648,8.668,606
1093,"[39.5162234, -76.9382068]",142032516,8.668,607
1094,"[38.7251776, -105.6077166]",142044817,8.668,608
1095,"[38.8949549, -77.0366455]",144978366,8.668,609
1096,"[40.9699889, -77.727883]",142028986,8.668,610
1097,"[48.8566101, 2.3514992]",2617072610,8.668,611
1098,"[39.5162234, -76.9382068]",142032516,8.668,612
1099,"[36.7014631, -118.7559973]",143927648,8.668,613
1100,"[53.5503414, 10.000654]",2622557816,8.668,614
1101,"[43.6211955, -84.6824345]",145014548,8.668,615
1102,"[36.7014631, -118.7559973]",143927648,8.668,616
1103,"[41.0096334, 28.9651646]",18731084,8.668,617
1104,-500,-500,-500.0,618
1105,"[36.7014631, -118.7559973]",143927648,8.668,619
1106,"[41.7962409, -71.5992371]",144372860,8.668,620
1107,"[52.2033051, 0.124862]",74228201,8.668,621
1108,"[52.1315889, 11.6399609]",197411,8.668,622
1109,"[42.3788774, -72.0323659]",143793363,8.668,623
1110,"[51.92779805, 4.48862326925829]",142583726,8.668,624
1111,"[40.7305991, -73.9865811]",142043098,8.668,625
1112,-500,-500,-500.0,626
1113,"[-35.4021015, 148.9464218]",143905186,8.668,627
1114,"[51.0493286, 13.7381437]",144969068,8.668,628
1115,"[41.3825596, 2.1771353]",144264307,8.668,629
1116,-500,-500,-500.0,630
1117,-500,-500,-500.0,631
1118,"[52.3744779, 9.7385532]",144804471,8.668,632
1119,"[50.8117327, 8.7757742]",144825595,8.668,632
1120,"[45.709097, -68.85902]",144201386,8.668,633
1121,"[42.3788774, -72.0323659]",143793363,8.668,633
1122,"[42.3788774, -72.0323659]",143793363,8.668,634
1123,"[41.6500201, -72.7342162]",144193126,8.668,635
1124,"[41.6500201, -72.7342162]",144193126,8.668,635
1125,"[41.6500201, -72.7342162]",144193126,8.668,635
1126,"[41.6500201, -72.7342162]",144193126,8.668,635
1127,"[41.6500201, -72.7342162]",144193126,8.668,635
1128,"[41.6500201, -72.7342162]",144193126,8.668,635
1129,"[41.6500201, -72.7342162]",144193126,8.668,635
1130,"[41.6500201, -72.7342162]",144193126,8.668,635
1131,"[56.670453, -132.656018]",141962548,8.668,635
1132,"[42.9604715, 1.0924298]",144562867,8.668,636
1133,-500,-500,-500.0,636
1134,"[43.6044622, 1.4442469]",142514950,8.668,636
1135,-500,-500,-500.0,636
1136,"[43.6044622, 1.4442469]",142514950,8.668,636
1137,-500,-500,-500.0,636
1138,"[43.6044622, 1.4442469]",142514950,8.668,636
1139,"[49.9999952, 8.2710237]",566765,8.668,637
1140,"[55.856656, -4.2435816]",145021416,8.668,638
1141,"[38.7251776, -105.6077166]",142044817,8.668,639
1142,"[31.8952532, 34.8105616]",144702096,8.668,640
1143,"[40.7305991, -73.9865811]",142043098,8.668,641
1144,"[40.7305991, -73.9865811]",142043098,8.668,641
1145,"[36.7014631, -118.7559973]",143927648,8.668,642
1146,"[36.7014631, -118.7559973]",143927648,8.668,643
1147,"[43.6211955, -84.6824345]",145014548,8.668,643
1148,"[43.6211955, -84.6824345]",145014548,8.668,643
1149,"[36.7014631, -118.7559973]",143927648,8.668,643
1150,"[43.6211955, -84.6824345]",145014548,8.668,643
1151,"[43.6211955, -84.6824345]",145014548,8.668,643
1152,"[55.9495628, -3.1914971]",142809282,8.668,644
1153,"[-37.8142175, 144.9631608]",114507,8.668,644
1154,"[37.1232245, -78.492772]",142093665,8.668,645
1155,"[52.4776875, -1.8948515]",144808919,8.668,646
1156,"[51.84260195, 5.8385196119892]",143089304,8.668,647
1157,"[54.3216753, 10.1371858]",116822,8.668,647
1158,"[42.3788774, -72.0323659]",143793363,8.668,648
1159,"[39.5162234, -76.9382068]",142032516,8.668,649
1160,"[42.3788774, -72.0323659]",143793363,8.668,650
1161,"[36.7014631, -118.7559973]",143927648,8.668,651
1162,"[41.6500201, -72.7342162]",144193126,8.668,651
1163,"[36.7014631, -118.7559973]",143927648,8.668,652
1164,"[38.7251776, -105.6077166]",142044817,8.668,653
1165,"[45.4667971, 9.1904984]",143771899,8.668,654
1166,"[43.7159395, 10.4018624]",142525370,8.668,654
1167,"[43.7159395, 10.4018624]",142525370,8.668,654
1168,"[42.3750997, -71.1056156]",144482433,3.632,655
1169,"[12.9791198, 77.5912997]",47366095,3.632,656
1170,"[29.7589382, -95.3676973]",2598942101,3.632,657
1171,"[29.7589382, -95.3676973]",2598942101,3.632,657
1172,"[48.10882, 11.4508007]",227192,3.632,658
1173,"[42.3604823, -71.0595677]",144586664,3.632,659
1174,"[53.4768564, -2.2385271]",13282602,3.632,660
1175,"[53.4768564, -2.2385271]",13282602,3.632,660
1176,"[41.8084314, -72.249523]",144678342,3.632,661
1177,"[41.8084314, -72.249523]",144678342,3.632,661
1178,"[30.5960213, 114.2992796]",605904,3.632,662
1179,"[42.4396039, -76.4968018]",145035052,3.632,663
1180,"[55.0282215, 82.9234476]",144866044,3.632,664
1181,"[55.0282215, 82.9234476]",144866044,3.632,664
1182,"[55.0282215, 82.9234476]",144866044,3.632,664
1183,"[55.0282215, 82.9234476]",144866044,3.632,664
1184,"[40.0149856, -105.2705455]",144143899,3.632,665
1185,"[46.2778406, -119.2769066]",143910107,3.632,666
1186,"[41.8755546, -87.6244211]",143390527,3.632,667
1187,"[39.414443, -77.4105782]",144830894,3.632,667
1188,"[41.8755546, -87.6244211]",143390527,3.632,667
1189,"[39.414443, -77.4105782]",144830894,3.632,667
1190,"[39.414443, -77.4105782]",144830894,3.632,667
1191,"[32.0804808, 34.7805274]",2610724889,3.632,667
1192,"[32.2217422, -110.9264758]",143981857,3.632,668
1193,"[49.4093582, 8.694724]",577381,3.632,668
1194,"[55.7516335, 37.6187042]",144767062,3.632,669
1195,"[55.7516335, 37.6187042]",144767062,3.632,669
1196,"[55.7516335, 37.6187042]",144767062,3.632,669
1197,"[42.3756401, -71.2358003]",144543617,3.632,670
1198,"[42.3756401, -71.2358003]",144543617,3.632,670
1199,"[42.3803676, -72.5231429]",142750417,3.632,671
1200,"[42.3803676, -72.5231429]",142750417,3.632,671
1201,"[37.8708393, -122.2728638]",144675519,3.632,672
1202,"[41.8755546, -87.6244211]",143390527,3.632,672
1203,"[37.8708393, -122.2728638]",144675519,3.632,672
1204,"[42.4396039, -76.4968018]",145035052,3.632,673
1205,"[37.7792808, -122.4192362]",143847804,3.632,674
1206,"[51.752225, -1.2583027]",144090950,3.632,675
1207,"[19.5059496, -99.0759619]",2627326035,3.632,676
1208,"[41.3825596, 2.1771353]",144264307,3.632,676
1209,"[47.6038321, -122.3300623]",144344000,3.632,677
1210,"[47.6038321, -122.3300623]",144344000,3.632,677
1211,"[48.8566101, 2.3514992]",2617072610,3.632,678
1212,"[48.8566101, 2.3514992]",2617072610,3.632,678
1213,"[48.8566101, 2.3514992]",2617072610,3.632,678
1214,"[48.8566101, 2.3514992]",2617072610,3.632,678
1215,"[29.7589382, -95.3676973]",2598942101,3.632,679
1216,"[54.0, -71.9999999]",143079249,3.632,680
1217,"[51.752225, -1.2583027]",144090950,3.632,681
1218,"[29.7589382, -95.3676973]",2598942101,3.632,682
1219,"[38.9848265, -77.0946458]",461818,3.632,683
1220,"[35.9940329, -78.8986189]",144202739,3.632,684
1221,"[53.4791301, -2.2441008]",2609199663,3.632,685
1222,"[33.5206824, -86.8024325]",144208950,3.632,686
1223,"[51.4529032, 7.6358838]",143802197,3.632,687
1224,"[51.4529032, 7.6358838]",143802197,3.632,687
1225,"[53.4054719, -2.9805392]",143855865,3.632,688
1226,"[33.4485866, -112.0773455]",144790408,3.632,688
1227,"[49.4093582, 8.694724]",577381,3.632,689
1228,"[49.4093582, 8.694724]",577381,3.632,689
1229,"[1.2962018, 103.776899437848]",73943476,3.632,690
1230,"[1.2962018, 103.776899437848]",73943476,3.632,690
1231,-500,-500,-500.0,690
1232,"[1.2962018, 103.776899437848]",73943476,3.632,690
1233,"[1.2962018, 103.776899437848]",73943476,3.632,690
1234,-500,-500,-500.0,690
1235,"[1.2962018, 103.776899437848]",73943476,3.632,690
1236,"[39.9523993, -75.1635898]",143880686,3.632,691
1237,"[40.3492744, -74.6592957]",496695,3.632,692
1238,"[34.6932379, 135.1943764]",144188162,3.632,693
1239,"[34.6932379, 135.1943764]",144188162,3.632,693
1240,"[47.2654296, 11.3927685]",145101772,3.632,694
1241,-500,-500,-500.0,695
1242,-500,-500,-500.0,695
1243,-500,-500,-500.0,695
1244,"[1.2962018, 103.776899437848]",73943476,3.632,695
1245,"[1.2962018, 103.776899437848]",73943476,3.632,695
1246,"[1.2962018, 103.776899437848]",73943476,3.632,695
1247,"[41.8755546, -87.6244211]",143390527,3.632,696
1248,"[50.722024, 10.4514289]",143192538,3.632,697
1249,"[40.1117174, -88.2073009]",144792693,3.632,698
1250,"[40.1117174, -88.2073009]",144792693,3.632,698
1251,"[40.1117174, -88.2073009]",144792693,3.632,698
1252,"[40.1117174, -88.2073009]",144792693,3.632,698
1253,"[39.2908608, -76.6108072]",103107,3.632,698
1254,"[39.2908608, -76.6108072]",103107,3.632,698
1255,"[45.1860043, 9.1546375]",144795272,3.632,699
1256,"[55.0, -124.9999999]",144907410,3.632,700
1257,"[55.0282215, 82.9234476]",144866044,3.632,701
1258,"[55.0282215, 82.9234476]",144866044,3.632,701
1259,"[42.0447388, -87.6930458]",143602448,3.632,702
1260,"[42.3604823, -71.0595677]",144586664,3.632,702
1261,"[40.7670126, -111.8904307]",144838616,3.632,703
1262,"[48.7170283, 2.2468567]",144167331,3.632,704
1263,"[40.8005307, -77.8624446]",452815,3.632,705
1264,"[48.2513878, 11.6509662]",144372066,3.632,706
1265,"[48.2513878, 11.6509662]",144372066,3.632,706
1266,"[52.5170365, 13.3888599]",562219,3.632,707
1267,"[42.3750997, -71.1056156]",144482433,3.632,708
1268,"[54.0, -71.9999999]",143079249,3.632,709
1269,"[42.6977211, 23.3225964]",16516932,3.632,710
1270,"[48.1371079, 11.5753822]",144768856,3.632,711
1271,"[34.1476452, -118.1444778]",2606082669,3.632,712
1272,"[39.2908608, -76.6108072]",103107,3.632,713
1273,"[38.980666, -76.9369188]",144799774,3.632,713
1274,"[50.0000002, -86.0]",144119819,3.632,714
1275,"[47.9960901, 7.8494005]",2606743277,3.632,714
1276,"[47.9960901, 7.8494005]",2606743277,3.632,714
1277,"[18.64395815, 73.9325681901252]",145096917,3.632,715
1278,"[52.2109495, -2.15695541324222]",143073727,3.632,716
1279,"[35.1490215, -90.0516284]",142083079,3.632,717
1280,"[35.1490215, -90.0516284]",142083079,3.632,717
1281,"[38.8462236, -77.3063732]",142075949,3.632,718
1282,"[39.2908608, -76.6108072]",103107,3.632,718
1283,"[51.0493286, 13.7381437]",144969068,3.632,719
1284,"[51.0493286, 13.7381437]",144969068,3.632,719
1285,"[40.1117174, -88.2073009]",144792693,3.632,720
1286,"[40.1117174, -88.2073009]",144792693,3.632,720
1287,"[40.1117174, -88.2073009]",144792693,3.632,720
1288,"[40.1117174, -88.2073009]",144792693,3.632,720
1289,"[40.1117174, -88.2073009]",144792693,3.632,720
1290,"[38.980666, -76.9369188]",144799774,3.632,720
1291,"[39.9523993, -75.1635898]",143880686,3.632,721
1292,"[51.5142273, 7.4652789]",122025,3.632,722
1293,"[49.4093582, 8.694724]",577381,3.632,722
1294,"[53.5503414, 10.000654]",2622557816,3.632,723
1295,"[48.2513878, 11.6509662]",144372066,3.632,724
1296,-500,-500,-500.0,725
1297,"[29.7589382, -95.3676973]",2598942101,3.632,726
1298,"[29.7589382, -95.3676973]",2598942101,3.632,726
1299,"[29.7589382, -95.3676973]",2598942101,3.632,726
1300,"[34.676649, -86.4812115114272]",68109809,3.632,727
1301,"[37.4265649, -122.170187551249]",144998134,3.632,727
1302,"[19.5059496, -99.0759619]",2627326035,3.632,728
1303,"[19.5059496, -99.0759619]",2627326035,3.632,728
1304,"[1.2962018, 103.776899437848]",73943476,3.632,729
1305,"[38.029306, -78.476678]",2633159679,3.632,730
1306,"[60.4517531, 22.2670522]",144285937,3.632,731
1307,"[25.0375167, 121.5637]",11241202,3.632,732
1308,"[25.0375167, 121.5637]",11241202,3.632,732
1309,"[55.856656, -4.2435816]",145021416,3.632,733
1310,"[45.4667971, 9.1904984]",143771899,3.632,733
1311,"[45.4667971, 9.1904984]",143771899,3.632,733
1312,"[40.4416941, -79.990086]",142059938,3.632,734
1313,"[35.9131996, -79.0558444]",144824650,3.632,735
1314,"[35.9131996, -79.0558444]",144824650,3.632,735
1315,"[33.5778631, -101.8551664]",144809341,3.632,736
1316,"[18.4652988, -66.1166656]",250064,3.632,736
1317,"[50.6271588, 3.1506621]",142546551,3.632,737
1318,"[50.6271588, 3.1506621]",142546551,3.632,737
1319,"[50.6271588, 3.1506621]",142546551,3.632,737
1320,"[50.4501071, 30.5240501]",127805,3.632,737
1321,"[32.2217422, -110.9264758]",143981857,3.632,738
1322,"[53.4768564, -2.2385271]",13282602,3.632,739
1323,"[53.4768564, -2.2385271]",13282602,3.632,739
1324,"[39.9523993, -75.1635898]",143880686,3.632,740
1325,"[39.9523993, -75.1635898]",143880686,3.632,740
1326,"[39.9523993, -75.1635898]",143880686,3.632,740
1327,"[51.752225, -1.2583027]",144090950,3.632,741
1328,"[48.8566101, 2.3514992]",2617072610,3.632,742
1329,"[33.7490987, -84.3901848]",144163105,3.632,743
1330,"[33.7490987, -84.3901848]",144163105,3.632,743
1331,"[-31.8759834, 147.2869493]",145032315,3.632,743
1332,"[33.7490987, -84.3901848]",144163105,3.632,743
1333,"[33.7490987, -84.3901848]",144163105,3.632,743
1334,"[33.7490987, -84.3901848]",144163105,3.632,743
1335,"[33.7490987, -84.3901848]",144163105,3.632,743
1336,"[41.7198216, -72.8320434]",485817,3.632,744
1337,"[48.8566101, 2.3514992]",2617072610,3.632,745
1338,"[32.0804808, 34.7805274]",2610724889,3.632,745
1339,"[48.1371079, 11.5753822]",144768856,3.632,746
1340,"[42.2681569, -83.731229]",145007048,9.423,747
1341,"[42.2681569, -83.731229]",145007048,9.423,747
1342,"[42.3622260519272, -71.0652740844905]",145936594,9.423,747
1343,"[29.3110851632653, -94.7752609030612]",146004435,9.423,747
1344,"[37.4286542, -122.143924355285]",114939522,9.423,747
1345,"[42.3410475462552, -71.0940466375395]",146006801,9.423,747
1346,"[38.9959081, -77.0288917]",145028158,9.423,747
1347,"[42.2681569, -83.731229]",145007048,9.423,747
1348,"[42.2681569, -83.731229]",145007048,9.423,747
1349,-500,-500,-500.0,747
1350,"[33.7490987, -84.3901848]",144163105,9.423,748
1351,"[42.3787496078056, -71.1297312938366]",145999385,9.423,748
1352,"[42.7272191, -70.8208668865854]",126241672,9.423,748
1353,"[42.3787496078056, -71.1297312938366]",145999385,9.423,748
1354,"[42.7272191, -70.8208668865854]",126241672,9.423,748
1355,"[42.3787496078056, -71.1297312938366]",145999385,9.423,748
1356,-500,-500,-500.0,748
1357,"[29.700609, -95.3935303]",56707037,9.423,749
1358,"[29.700609, -95.3935303]",56707037,9.423,749
1359,"[29.700609, -95.3935303]",56707037,9.423,749
1360,"[29.700609, -95.3935303]",56707037,9.423,749
1361,"[29.700609, -95.3935303]",56707037,9.423,749
1362,"[29.700609, -95.3935303]",56707037,9.423,749
1363,"[29.700609, -95.3935303]",56707037,9.423,749
1364,"[29.700609, -95.3935303]",56707037,9.423,749
1365,"[35.8970917, -78.8602849]",2966822,9.423,749
1366,"[29.700609, -95.3935303]",56707037,9.423,749
1367,"[29.700609, -95.3935303]",56707037,9.423,749
1368,"[29.700609, -95.3935303]",56707037,9.423,749
1369,"[29.700609, -95.3935303]",56707037,9.423,749
1370,"[29.700609, -95.3935303]",56707037,9.423,749
1371,"[29.700609, -95.3935303]",56707037,9.423,749
1372,"[29.700609, -95.3935303]",56707037,9.423,749
1373,"[34.0668522956641, -118.444358084137]",145972765,9.423,750
1374,"[34.0668522956641, -118.444358084137]",145972765,9.423,750
1375,"[34.0668522956641, -118.444358084137]",145972765,9.423,750
1376,"[37.4265649, -122.170187551249]",144998117,9.423,750
1377,"[34.0668522956641, -118.444358084137]",145972765,9.423,750
1378,"[34.0668522956641, -118.444358084137]",145972765,9.423,750
1379,"[34.07088865, -118.446731866638]",63250254,9.423,750
1380,"[29.700609, -95.3935303]",56707037,9.423,751
1381,"[28.0221989, 120.648392]",601558,9.423,751
1382,"[29.700609, -95.3935303]",56707037,9.423,751
1383,"[29.700609, -95.3935303]",56707037,9.423,751
1384,"[29.700609, -95.3935303]",56707037,9.423,751
1385,"[48.747654, 9.1159243]",47680631,9.423,752
1386,"[41.8946372762973, 12.4945319900859]",145349336,9.423,752
1387,"[48.747654, 9.1159243]",47680631,9.423,752
1388,"[48.747654, 9.1159243]",47680631,9.423,752
1389,"[48.747654, 9.1159243]",47680631,9.423,752
1390,-500,-500,-500.0,753
1391,-500,-500,-500.0,753
1392,-500,-500,-500.0,753
1393,"[40.4167047, -3.7035824]",144269760,9.423,753
1394,"[32.812228, -96.8399919]",2542506,9.423,754
1395,"[45.6453948, 13.8313139]",104986654,9.423,754
1396,"[39.9523993, -75.1635898]",143880686,9.423,755
1397,"[32.8743390914596, -117.245870944545]",145973212,9.423,755
1398,"[32.8743390914596, -117.245870944545]",145973212,9.423,755
1399,"[39.9523993, -75.1635898]",143880686,9.423,755
1400,"[39.9523993, -75.1635898]",143880686,9.423,755
1401,"[39.9523993, -75.1635898]",143880686,9.423,755
1402,"[39.9523993, -75.1635898]",143880686,9.423,755
1403,"[39.9523993, -75.1635898]",143880686,9.423,756
1404,"[39.9523993, -75.1635898]",143880686,9.423,756
1405,"[30.7835637, 30.9983376]",144793113,9.423,756
1406,"[39.9523993, -75.1635898]",143880686,9.423,756
1407,"[39.9523993, -75.1635898]",143880686,9.423,756
1408,"[39.9523993, -75.1635898]",143880686,9.423,756
1409,"[39.9523993, -75.1635898]",143880686,9.423,756
1410,-500,-500,-500.0,756
1411,"[40.4875189323493, -74.4506576217705]",146003864,9.423,757
1412,"[40.4875189323493, -74.4506576217705]",146003864,9.423,757
1413,-500,-500,-500.0,757
1414,"[40.8103709064192, -73.9501931400284]",145939146,9.423,757
1415,"[33.7490987, -84.3901848]",144163105,9.423,758
1416,-500,-500,-500.0,758
1417,"[35.9131996, -79.0558444]",144824650,9.423,759
1418,"[35.9131996, -79.0558444]",144824650,9.423,759
1419,"[35.9131996, -79.0558444]",144824650,9.423,759
1420,"[35.9131996, -79.0558444]",144824650,9.423,759
1421,"[41.25594675, -95.9795408333334]",146004789,9.423,759
1422,"[35.9131996, -79.0558444]",144824650,9.423,759
1423,"[35.9131996, -79.0558444]",144824650,9.423,759
1424,"[40.8005307, -77.8624446]",452815,9.423,760
1425,"[45.4874130269154, -122.694393039259]",146011398,9.423,761
1426,"[45.4874130269154, -122.694393039259]",146011398,9.423,761
1427,"[45.4874130269154, -122.694393039259]",146011398,9.423,761
1428,"[36.371392, 127.429298]",3412041,9.423,762
1429,"[36.371392, 127.429298]",3412041,9.423,762
1430,-500,-500,-500.0,762
1431,"[42.7355416, -84.4852468]",141964907,9.423,763
1432,"[42.7355416, -84.4852468]",141964907,9.423,763
1433,-500,-500,-500.0,763
1434,"[42.7355416, -84.4852468]",141964907,9.423,763
1435,"[42.7355416, -84.4852468]",141964907,9.423,763
1436,"[42.7355416, -84.4852468]",141964907,9.423,763
1437,"[42.7355416, -84.4852468]",141964907,9.423,763
1438,-500,-500,-500.0,764
1439,"[43.3185536, 11.3316533]",144082588,9.423,764
1440,-500,-500,-500.0,764
1441,"[48.8566101, 2.3514992]",2617072610,9.423,764
1442,-500,-500,-500.0,764
1443,"[43.3185536, 11.3316533]",144082588,9.423,764
1444,-500,-500,-500.0,764
1445,"[-37.61147885, 144.943321097325]",63933374,9.423,765
1446,"[-37.61147885, 144.943321097325]",63933374,9.423,765
1447,"[-37.61147885, 144.943321097325]",63933374,9.423,765
1448,"[13.7542529, 100.493087]",16293542,9.423,765
1449,"[13.7542529, 100.493087]",16293542,9.423,765
1450,"[-37.61147885, 144.943321097325]",63933374,9.423,765
1451,"[40.3482467525253, -74.6584679646465]",146001950,9.423,766
1452,"[40.3482467525253, -74.6584679646465]",146001950,9.423,766
1453,-500,-500,-500.0,766
1454,"[42.3567275, -71.250249]",145992254,9.423,767
1455,"[42.3567275, -71.250249]",145992254,9.423,767
1456,"[42.3410475462552, -71.0940466375395]",146006801,9.423,767
1457,"[37.7708467346269, -122.395019817817]",145974029,9.423,767
1458,"[37.7792808, -122.4192362]",143847804,9.423,767
1459,-500,-500,-500.0,768
1460,"[50.6711779984211, 4.61296762699479]",145171486,9.423,769
1461,"[45.1860043, 9.1546375]",144795272,9.423,769
1462,"[53.33894015, -6.25271272175961]",2632813913,9.423,769
1463,"[53.33894015, -6.25271272175961]",2632813913,9.423,769
1464,"[50.6711779984211, 4.61296762699479]",145171486,9.423,769
1465,-500,-500,-500.0,769
1466,"[33.7490987, -84.3901848]",144163105,9.423,770
1467,"[33.7490987, -84.3901848]",144163105,9.423,770
1468,"[26.9266939, -80.1220890180725]",141945704,9.423,770
1469,"[44.037478096709, -123.059465548723]",146014267,9.423,770
1470,"[41.7884978, -87.5793198]",63940142,9.423,770
1471,"[41.7884978, -87.5793198]",63940142,9.423,770
1472,"[49.4164556232632, 8.6865019351368]",145226366,9.423,771
1473,"[49.4164556232632, 8.6865019351368]",145226366,9.423,771
1474,"[50.93346305, 6.91636294113854]",144285616,9.423,771
1475,"[49.4164556232632, 8.6865019351368]",145226366,9.423,771
1476,"[49.4164556232632, 8.6865019351368]",145226366,9.423,771
1477,"[49.4164556232632, 8.6865019351368]",145226366,9.423,771
1478,"[40.3482467525253, -74.6584679646465]",146001950,9.423,772
1479,-500,-500,-500.0,772
1480,"[40.3482467525253, -74.6584679646465]",146001950,9.423,772
1481,-500,-500,-500.0,772
1482,-500,-500,-500.0,772
1483,-500,-500,-500.0,772
1484,"[53.46751325, -2.23388453154317]",74852501,9.423,772
1485,"[40.3482467525253, -74.6584679646465]",146001950,9.423,772
1486,-500,-500,-500.0,772
1487,-500,-500,-500.0,772
1488,"[43.6529206, -79.3849007]",142158628,9.423,773
1489,"[52.5170365, 13.3888599]",562219,9.423,773
1490,"[43.6529206, -79.3849007]",142158628,9.423,773
1491,"[42.4474981100239, -76.4797263461061]",145941166,9.423,773
1492,"[43.6529206, -79.3849007]",142158628,9.423,773
1493,"[43.66333345, -79.3976996498952]",54196305,9.423,773
1494,"[43.6529206, -79.3849007]",142158628,9.423,773
1495,"[43.6529206, -79.3849007]",142158628,9.423,773
1496,"[43.6529206, -79.3849007]",142158628,9.423,773
1497,-500,-500,-500.0,774
1498,"[46.547327, 6.6726245]",144562163,9.423,775
1499,"[46.5218269, 6.6327025]",142693297,9.423,775
1500,"[48.2083537, 16.3725042]",110519,9.423,776
1501,"[49.4164556232632, 8.6865019351368]",145226366,9.423,776
1502,"[51.7555205, -1.2261596]",4747172,9.423,776
1503,"[50.9721119, 6.86869952353354]",144428755,9.423,776
1504,-500,-500,-500.0,777
1505,-500,-500,-500.0,777
1506,-500,-500,-500.0,777
1507,-500,-500,-500.0,777
1508,"[34.1476452, -118.1444778]",2606082669,9.423,778
1509,"[34.1476452, -118.1444778]",2606082669,9.423,778
1510,"[34.1476452, -118.1444778]",2606082669,9.423,778
1511,"[34.1476452, -118.1444778]",2606082669,9.423,778
1512,"[34.1476452, -118.1444778]",2606082669,9.423,778
1513,"[34.1476452, -118.1444778]",2606082669,9.423,778
1514,"[34.1476452, -118.1444778]",2606082669,9.423,778
1515,"[34.1476452, -118.1444778]",2606082669,9.423,778
1516,-500,-500,-500.0,778
1517,"[34.4119936999163, -119.845508564318]",145973645,9.423,779
1518,"[34.4119936999163, -119.845508564318]",145973645,9.423,779
1519,"[34.4119936999163, -119.845508564318]",145973645,9.423,779
1520,"[34.4119936999163, -119.845508564318]",145973645,9.423,779
1521,"[34.4119936999163, -119.845508564318]",145973645,9.423,779
1522,"[34.4119936999163, -119.845508564318]",145973645,9.423,779
1523,"[34.4119936999163, -119.845508564318]",145973645,9.423,779
1524,"[37.8716048701317, -122.259291965726]",145974233,9.423,780
1525,"[39.7306316069833, -105.24809810245]",145981961,9.423,780
1526,"[37.4265649, -122.170187551249]",144998117,9.423,780
1527,"[37.4265649, -122.170187551249]",144998117,9.423,780
1528,"[37.4265649, -122.170187551249]",144998117,9.423,780
1529,"[32.8146885, -96.7856364867473]",2632608428,9.423,781
1530,"[34.0668522956641, -118.444358084137]",145972765,9.423,781
1531,"[9.9325427, -84.0795781]",530760,9.423,781
1532,"[6.2186627, -75.6060181]",145217381,9.423,781
1533,-500,-500,-500.0,781
1534,"[6.2679208, -75.5688155246908]",2628934395,9.423,781
1535,"[40.4875189323493, -74.4506576217705]",146003864,9.423,781
1536,"[51.52142145, -0.130674309148567]",2613030349,9.423,781
1537,-500,-500,-500.0,781
1538,"[6.2679208, -75.5688155246908]",2628934395,9.423,781
1539,-500,-500,-500.0,781
1540,"[14.5907937873488, -90.5022824790281]",145337268,9.423,781
1541,"[37.7792808, -122.4192362]",143847804,9.423,781
1542,"[37.4265649, -122.170187551249]",144998117,9.423,781
1543,"[32.8146885, -96.7856364867473]",2632608428,9.423,781
1544,"[34.0668522956641, -118.444358084137]",145972765,9.423,781
1545,-500,-500,-500.0,781
1546,"[38.9848265, -77.0946458]",461818,9.423,782
1547,"[38.9848265, -77.0946458]",461818,9.423,782
1548,"[37.4265649, -122.170187551249]",144998117,9.423,783
1549,"[42.0505485936996, -87.6787571079406]",146001856,9.423,783
1550,"[42.0505485936996, -87.6787571079406]",146001856,9.423,783
1551,"[37.4265649, -122.170187551249]",144998117,9.423,783
1552,-500,-500,-500.0,783
1553,-500,-500,-500.0,784
1554,"[53.33894015, -6.25271272175961]",2632813913,9.423,785
1555,"[54.58435865, -5.93366482965186]",56118382,9.423,785
1556,"[40.9256538, -73.1409429]",144213703,9.423,786
1557,"[40.9256538, -73.1409429]",144213703,9.423,786
1558,"[46.9482713, 7.4514512]",144407158,9.423,786
1559,"[46.5218269, 6.6327025]",142693297,9.423,786
1560,"[46.9482713, 7.4514512]",144407158,9.423,786
1561,"[46.9482713, 7.4514512]",144407158,9.423,786
1562,"[37.4265649, -122.170187551249]",144998117,9.423,786
1563,"[48.8784358855163, 2.35684365010241]",145243120,9.423,786
1564,"[46.9482713, 7.4514512]",144407158,9.423,786
1565,"[46.5218269, 6.6327025]",142693297,9.423,786
1566,"[37.4265649, -122.170187551249]",144998117,9.423,786
1567,-500,-500,-500.0,786
1568,"[40.00282055, 116.351357370279]",72732114,9.423,787
1569,"[39.9890593, 116.2806008]",2611195429,9.423,787
1570,"[40.00282055, 116.351357370279]",72732114,9.423,787
1571,"[40.00282055, 116.351357370279]",72732114,9.423,787
1572,"[40.00282055, 116.351357370279]",72732114,9.423,787
1573,"[32.44289299422, 120.245918549791]",145216883,9.423,787
1574,"[39.9890593, 116.2806008]",2611195429,9.423,787
1575,"[39.9890593, 116.2806008]",2611195429,9.423,787
1576,"[39.9890593, 116.2806008]",2611195429,9.423,787
1577,"[40.00282055, 116.351357370279]",72732114,9.423,787
1578,"[40.00282055, 116.351357370279]",72732114,9.423,787
1579,"[40.00282055, 116.351357370279]",72732114,9.423,787
1580,"[39.9890593, 116.2806008]",2611195429,9.423,787
1581,"[39.9890593, 116.2806008]",2611195429,9.423,787
1582,"[42.3743543, -71.1115921]",697458,9.423,787
1583,"[42.3644283155072, -71.10405278621]",146015015,9.423,788
1584,"[42.3644283155072, -71.10405278621]",146015015,9.423,788
1585,"[42.3644283155072, -71.10405278621]",146015015,9.423,788
1586,"[37.4265649, -122.170187551249]",144998117,9.423,789
1587,"[48.9042612263548, 2.20998039427091]",145244301,9.423,790
1588,"[48.86085805, 2.28869943922715]",2609143900,9.423,790
1589,"[-35.29218855, 149.120657732779]",144149876,9.423,790
1590,"[-35.29218855, 149.120657732779]",144149876,9.423,790
1591,"[49.2577886, 4.031926]",144372941,9.423,791
1592,"[49.2577886, 4.031926]",144372941,9.423,791
1593,"[49.2577886, 4.031926]",144372941,9.423,791
1594,"[49.2577886, 4.031926]",144372941,9.423,791
1595,"[49.2577886, 4.031926]",144372941,9.423,791
1596,"[49.2577886, 4.031926]",144372941,9.423,791
1597,"[49.2577886, 4.031926]",144372941,9.423,791
1598,"[52.00694605, 9.56708951907058]",144248859,9.423,791
1599,"[49.2577886, 4.031926]",144372941,9.423,791
1600,"[49.2577886, 4.031926]",144372941,9.423,791
1601,"[49.2577886, 4.031926]",144372941,9.423,791
1602,"[49.2577886, 4.031926]",144372941,9.423,791
1603,"[49.2577886, 4.031926]",144372941,9.423,791
1604,"[33.42165145, -111.932582759275]",145076441,9.423,792
1605,"[33.42165145, -111.932582759275]",145076441,9.423,792
1606,"[32.732718099549, -97.1085101635191]",145999648,9.423,792
1607,"[56.7861112, -4.1140517]",141871560,9.423,792
1608,"[56.7861112, -4.1140517]",141871560,9.423,792
1609,"[33.42165145, -111.932582759275]",145076441,9.423,792
1610,"[40.763747514321, -73.968380703557]",145982088,9.423,792
1611,-500,-500,-500.0,792
1612,"[56.7861112, -4.1140517]",141871560,9.423,792
1613,"[40.01326717494, -105.258625458666]",145969680,9.423,792
1614,"[51.4977937, -0.135126737044619]",53472149,9.423,792
1615,"[38.980666, -76.9369188]",144799774,9.423,792
1616,"[-1.3016976, 36.7693664865546]",65596473,9.423,793
1617,"[19.42954956, -99.1597915]",145377310,9.423,793
1618,"[19.42954956, -99.1597915]",145377310,9.423,793
1619,-500,-500,-500.0,793
1620,"[-27.45621055, 153.03456051074]",69385925,9.423,793
1621,"[-1.3016976, 36.7693664865546]",65596473,9.423,793
1622,"[55.7029296, 13.1929449]",143110758,9.423,793
1623,"[-1.2832532, 36.8172449]",148068,9.423,793
1624,"[-27.45621055, 153.03456051074]",69385925,9.423,793
1625,"[45.7289901575503, 3.04150082515151]",145242242,9.423,793
1626,"[-27.45621055, 153.03456051074]",69385925,9.423,793
1627,"[0.3177137, 32.5813539]",6736052,9.423,793
1628,"[39.2908608, -76.6108072]",103107,9.423,794
1629,"[40.3482467525253, -74.6584679646465]",146001950,9.423,795
1630,"[40.3482467525253, -74.6584679646465]",146001950,9.423,795
1631,"[40.3482467525253, -74.6584679646465]",146001950,9.423,795
1632,"[40.3482467525253, -74.6584679646465]",146001950,9.423,795
1633,"[33.42165145, -111.932582759275]",145076441,9.423,796
1634,-500,-500,-500.0,797
1635,"[43.6112422, 3.8767337]",144077891,9.423,797
1636,-500,-500,-500.0,797
1637,"[39.0461529648739, -76.9117948111799]",145943612,9.423,797
1638,"[43.6112422, 3.8767337]",144077891,9.423,797
1639,-500,-500,-500.0,797
1640,-500,-500,-500.0,797
1641,-500,-500,-500.0,798
1642,-500,-500,-500.0,798
1643,"[43.26507515, -79.9195838154237]",71514898,9.423,798
1644,"[34.0668522956641, -118.444358084137]",145972765,9.423,798
1645,-500,-500,-500.0,798
1646,"[43.26507515, -79.9195838154237]",71514898,9.423,798
1647,-500,-500,-500.0,798
1648,"[43.26507515, -79.9195838154237]",71514898,9.423,798
1649,-500,-500,-500.0,798
1650,"[48.1396744408361, 11.6042297506498]",145227464,9.423,799
1651,"[48.1396744408361, 11.6042297506498]",145227464,9.423,799
1652,"[48.1396744408361, 11.6042297506498]",145227464,9.423,799
1653,"[48.1396744408361, 11.6042297506498]",145227464,9.423,799
1654,"[48.1396744408361, 11.6042297506498]",145227464,9.423,799
1655,"[48.1396744408361, 11.6042297506498]",145227464,9.423,799
1656,"[48.1396744408361, 11.6042297506498]",145227464,9.423,799
1657,"[48.1396744408361, 11.6042297506498]",145227464,9.423,799
1658,"[6.2186627, -75.6060181]",145217381,9.423,799
1659,"[48.1396744408361, 11.6042297506498]",145227464,9.423,799
1660,"[48.1396744408361, 11.6042297506498]",145227464,9.423,799
1661,"[48.1396744408361, 11.6042297506498]",145227464,9.423,799
1662,"[48.1396744408361, 11.6042297506498]",145227464,9.423,799
1663,"[38.8949549, -77.0366455]",144978366,9.423,799
1664,"[48.1396744408361, 11.6042297506498]",145227464,9.423,799
1665,"[48.1396744408361, 11.6042297506498]",145227464,9.423,799
1666,-500,-500,-500.0,799
1667,"[48.1396744408361, 11.6042297506498]",145227464,9.423,799
1668,"[48.1396744408361, 11.6042297506498]",145227464,9.423,799
1669,"[48.1396744408361, 11.6042297506498]",145227464,9.423,799
1670,-500,-500,-500.0,799
1671,"[38.0333742, -84.5017757]",15331053,9.423,800
1672,"[38.0333742, -84.5017757]",15331053,9.423,800
1673,-500,-500,-500.0,800
1674,"[42.3644283155072, -71.10405278621]",146015015,9.423,801
1675,"[42.2681569, -83.731229]",145007048,9.423,801
1676,"[42.3644283155072, -71.10405278621]",146015015,9.423,801
1677,"[42.3644283155072, -71.10405278621]",146015015,9.423,801
1678,"[42.3644283155072, -71.10405278621]",146015015,9.423,801
1679,"[42.3410475462552, -71.0940466375395]",146006801,9.423,802
1680,-500,-500,-500.0,802
1681,"[48.5298878, 7.7243429]",14890438,9.423,803
1682,"[48.5298878, 7.7243429]",14890438,9.423,803
1683,"[48.5298878, 7.7243429]",14890438,9.423,803
1684,"[48.5298878, 7.7243429]",14890438,9.423,803
1685,"[-21.9549805, -49.0232347]",145046414,9.423,804
1686,"[48.8451801, 2.27809517659384]",95409870,9.423,804
1687,"[42.4396039, -76.4968018]",145035052,9.423,804
1688,"[42.4396039, -76.4968018]",145035052,9.423,804
1689,"[-21.9549805, -49.0232347]",145046414,9.423,804
1690,-500,-500,-500.0,804
1691,"[40.7455334764258, -73.9782466758858]",146015871,9.423,805
1692,"[43.7033561, -72.2885717]",145002770,9.423,805
1693,"[33.6460821647088, -117.84931174497]",145973544,9.423,806
1694,"[48.5298878, 7.7243429]",14890438,9.423,807
1695,"[48.5298878, 7.7243429]",14890438,9.423,807
1696,"[48.5298878, 7.7243429]",14890438,9.423,807
1697,"[48.5298878, 7.7243429]",14890438,9.423,807
1698,"[39.414443, -77.4105782]",144830894,9.423,808
1699,"[39.414443, -77.4105782]",144830894,9.423,808
1700,"[42.2625932, -71.8022933]",145019018,9.423,808
1701,"[39.414443, -77.4105782]",144830894,9.423,808
1702,"[48.4283327, -123.3649268]",143022995,9.423,809
1703,"[48.4283327, -123.3649268]",143022995,9.423,809
1704,"[48.4283327, -123.3649268]",143022995,9.423,809
1705,"[43.6529206, -79.3849007]",142158628,9.423,809
1706,"[39.460361, -77.4153509]",74955926,9.423,810
1707,"[40.7921484089723, -73.9443503305416]",145939148,9.423,811
1708,"[40.7921484089723, -73.9443503305416]",145939148,9.423,811
1709,-500,-500,-500.0,811
1710,"[51.4697988, -0.0893305489098353]",122527849,9.423,811
1711,-500,-500,-500.0,811
1712,-500,-500,-500.0,811
1713,-500,-500,-500.0,811
1714,-500,-500,-500.0,812
1715,"[40.4367831, -79.9545816]",54528073,9.423,812
1716,"[40.4367831, -79.9545816]",54528073,9.423,812
1717,"[40.4441619, -79.942728159225]",144529876,9.423,812
1718,"[34.8200901839711, 135.524363181827]",145368183,9.423,813
1719,"[34.8200901839711, 135.524363181827]",145368183,9.423,813
1720,"[34.8200901839711, 135.524363181827]",145368183,9.423,813
1721,"[34.8200901839711, 135.524363181827]",145368183,9.423,813
1722,"[34.8200901839711, 135.524363181827]",145368183,9.423,813
1723,"[34.8200901839711, 135.524363181827]",145368183,9.423,813
1724,"[34.8200901839711, 135.524363181827]",145368183,9.423,813
1725,-500,-500,-500.0,813
1726,-500,-500,-500.0,814
1727,"[45.7656666, 126.6160584]",863565,9.423,814
1728,-500,-500,-500.0,814
1729,-500,-500,-500.0,814
1730,"[48.8455133016578, 2.34822755733735]",145243115,9.423,815
1731,"[48.8455133016578, 2.34822755733735]",145243115,9.423,815
1732,"[-41.33435535, 146.416691431585]",78787548,9.423,816
1733,"[-41.33435535, 146.416691431585]",78787548,9.423,816
1734,"[52.21147105, 0.0885211]",98932468,9.423,816
1735,"[-41.33435535, 146.416691431585]",78787548,9.423,816
1736,"[-41.4369944, 147.1402582]",145169576,9.423,816
1737,"[50.93418755, -1.39747923167787]",68382425,9.423,816
1738,"[52.21147105, 0.0885211]",98932468,9.423,816
1739,"[-41.33435535, 146.416691431585]",78787548,9.423,816
1740,-500,-500,-500.0,816
1741,"[48.8460747, 2.35883190786616]",66071224,9.423,817
1742,"[48.8460747, 2.35883190786616]",66071224,9.423,817
1743,"[48.8460747, 2.35883190786616]",66071224,9.423,817
1744,"[48.8460747, 2.35883190786616]",66071224,9.423,817
1745,"[48.8460747, 2.35883190786616]",66071224,9.423,817
1746,"[48.7018823, 2.134529]",144178995,9.423,817
1747,"[48.8460747, 2.35883190786616]",66071224,9.423,817
1748,"[48.8460747, 2.35883190786616]",66071224,9.423,817
1749,"[48.8460747, 2.35883190786616]",66071224,9.423,817
1750,"[48.8460747, 2.35883190786616]",66071224,9.423,817
1751,"[48.8460747, 2.35883190786616]",66071224,9.423,817
1752,"[48.8460747, 2.35883190786616]",66071224,9.423,817
1753,-500,-500,-500.0,817
1754,"[40.7511804, -73.9986173]",22193291,9.423,818
1755,"[40.7397266461183, -73.9850507515755]",145939121,9.423,818
1756,"[40.7397266461183, -73.9850507515755]",145939121,9.423,818
1757,"[48.8460747, 2.35883190786616]",66071224,9.423,818
1758,"[40.7657135523716, -73.9859297830974]",145995678,9.423,818
1759,"[51.7534538, -1.25400987048855]",53482295,9.423,818
1760,"[42.2681569, -83.731229]",145007048,9.423,818
1761,"[40.4416941, -79.990086]",142059938,9.423,818
1762,"[42.3787496078056, -71.1297312938366]",145999385,9.423,819
1763,"[42.3787496078056, -71.1297312938366]",145999385,9.423,819
1764,"[42.3787496078056, -71.1297312938366]",145999385,9.423,819
1765,"[42.3787496078056, -71.1297312938366]",145999385,9.423,819
1766,"[42.2625932, -71.8022933]",145019018,9.423,819
1767,"[32.0557527333333, 118.775000233333]",145216835,9.423,819
1768,"[42.3787496078056, -71.1297312938366]",145999385,9.423,819
1769,"[32.8743390914596, -117.245870944545]",145973212,9.423,819
1770,"[42.2772926, -71.854117]",145982018,9.423,819
1771,"[43.6529206, -79.3849007]",142158628,9.423,819
1772,"[43.6529206, -79.3849007]",142158628,9.423,819
1773,"[42.3787496078056, -71.1297312938366]",145999385,9.423,820
1774,"[34.0232514549178, -118.282503830245]",146012647,9.423,820
1775,"[42.3787496078056, -71.1297312938366]",145999385,9.423,820
1776,"[35.1900536, -97.476848]",2613927185,9.423,820
1777,"[42.3787496078056, -71.1297312938366]",145999385,9.423,820
1778,"[41.5656815593071, -70.6223640339533]",145993053,9.423,820
1779,"[53.8067987, -1.5559858]",13783507,9.423,820
1780,"[53.8067987, -1.5559858]",13783507,9.423,820
1781,"[51.52142145, -0.130674309148567]",2613030349,9.423,820
1782,"[6.2443382, -75.5735529]",2463394,9.423,820
1783,-500,-500,-500.0,820
1784,"[38.8881186850211, -77.0273062941209]",145943391,9.423,820
1785,"[50.7369302, -3.53647661702167]",60786114,9.423,820
1786,"[-10.3333329, -75.0833329]",12984067,9.423,820
1787,"[-13.5212348, -71.9711243]",252207,9.423,820
1788,"[4.5980478, -74.0760866]",6495517,9.423,820
1789,"[42.3787496078056, -71.1297312938366]",145999385,9.423,820
1790,-500,-500,-500.0,820
1791,"[31.1833681, 121.437325614184]",61516666,9.423,821
1792,"[32.8708724, -117.2369265]",72201752,9.423,821
1793,"[40.00282055, 116.351357370279]",72732114,9.423,821
1794,"[32.8708724, -117.2369265]",72201752,9.423,821
1795,"[32.8708724, -117.2369265]",72201752,9.423,821
1796,"[52.6172319, 1.22150321499977]",143102074,9.423,822
1797,"[52.6172319, 1.22150321499977]",143102074,9.423,822
1798,"[52.6172319, 1.22150321499977]",143102074,9.423,822
1799,"[52.6172319, 1.22150321499977]",143102074,9.423,822
1800,-500,-500,-500.0,822
1801,"[37.8716048701317, -122.259291965726]",145974233,9.423,823
1802,"[37.8716048701317, -122.259291965726]",145974233,9.423,823
1803,"[37.8716048701317, -122.259291965726]",145974233,9.423,823
1804,"[37.8716048701317, -122.259291965726]",145974233,9.423,823
1805,"[37.8716048701317, -122.259291965726]",145974233,9.423,823
1806,"[37.8716048701317, -122.259291965726]",145974233,9.423,823
1807,"[35.9047561305003, -79.0461481579744]",145945850,9.423,823
1808,"[35.9047561305003, -79.0461481579744]",145945850,9.423,823
1809,"[35.7804015, -78.6390778]",143933597,9.423,823
1810,"[37.8716048701317, -122.259291965726]",145974233,9.423,823
1811,"[37.8716048701317, -122.259291965726]",145974233,9.423,823
1812,"[37.8716048701317, -122.259291965726]",145974233,9.423,823
1813,"[37.877629, -122.2520809]",4834990,9.423,823
1814,"[31.055641, -97.3318539]",58116136,9.423,824
1815,"[43.7033561, -72.2885717]",145002770,9.423,825
1816,-500,-500,-500.0,825
1817,"[34.0668522956641, -118.444358084137]",145972765,9.423,826
1818,"[34.0668522956641, -118.444358084137]",145972765,9.423,826
1819,"[38.951883, -92.3337365]",141999466,9.423,826
1820,"[38.951883, -92.3337365]",141999466,9.423,826
1821,"[41.3825596, 2.1771353]",144264307,9.423,826
1822,"[37.3886303, -5.995317]",142175323,9.423,826
1823,"[41.3825596, 2.1771353]",144264307,9.423,826
1824,"[41.3825596, 2.1771353]",144264307,9.423,826
1825,"[38.951883, -92.3337365]",141999466,9.423,826
1826,"[38.951883, -92.3337365]",141999466,9.423,826
1827,"[34.0668522956641, -118.444358084137]",145972765,9.423,826
1828,"[34.0668522956641, -118.444358084137]",145972765,9.423,826
1829,"[34.0668522956641, -118.444358084137]",145972765,9.423,826
1830,"[44.40726, 8.9338624]",144213119,9.423,827
1831,"[44.40726, 8.9338624]",144213119,9.423,827
1832,"[44.40726, 8.9338624]",144213119,9.423,827
1833,"[44.40726, 8.9338624]",144213119,9.423,827
1834,-500,-500,-500.0,827
1835,"[35.729412, 139.928568]",144622956,9.423,828
1836,"[35.729412, 139.928568]",144622956,9.423,828
1837,"[35.0234227, 135.779951]",1294722,9.423,828
1838,"[35.6843446, 139.7178873]",44423000,9.423,828
1839,"[35.6912054, 140.0204271]",26237730,9.423,828
1840,"[32.0804808, 34.7805274]",2610724889,9.423,829
1841,"[32.0804808, 34.7805274]",2610724889,9.423,829
1842,"[32.0804808, 34.7805274]",2610724889,9.423,829
1843,"[32.0538991, 34.8480435]",812925,9.423,829
1844,"[32.0877639, 34.8859985]",2631487365,9.423,829
1845,"[42.3410475462552, -71.0940466375395]",146006801,9.423,829
1846,"[42.3410475462552, -71.0940466375395]",146006801,9.423,829
